-- phpMyAdmin SQL Dump
-- version 4.6.6
-- https://www.phpmyadmin.net/
--
-- Host: localhost:3306
-- Generation Time: May 30, 2017 at 05:31 PM
-- Server version: 5.6.35-log
-- PHP Version: 5.6.30

SET SQL_MODE = "NO_AUTO_VALUE_ON_ZERO";
SET time_zone = "+00:00";


/*!40101 SET @OLD_CHARACTER_SET_CLIENT=@@CHARACTER_SET_CLIENT */;
/*!40101 SET @OLD_CHARACTER_SET_RESULTS=@@CHARACTER_SET_RESULTS */;
/*!40101 SET @OLD_COLLATION_CONNECTION=@@COLLATION_CONNECTION */;
/*!40101 SET NAMES utf8mb4 */;

--
-- Database: `kkbjvmho_bgsshop`
--

-- --------------------------------------------------------

--
-- Table structure for table `td_cash_transaction`
--

CREATE TABLE `td_cash_transaction` (
  `cash_record_id` bigint(20) NOT NULL,
  `customer_id` bigint(20) NOT NULL,
  `amount` double NOT NULL,
  `paymentType` varchar(20) NOT NULL,
  `goddown_no` varchar(20) NOT NULL,
  `cash_record_date` datetime NOT NULL,
  `name` varchar(200) NOT NULL
) ENGINE=InnoDB DEFAULT CHARSET=latin1;

--
-- Dumping data for table `td_cash_transaction`
--

INSERT INTO `td_cash_transaction` (`cash_record_id`, `customer_id`, `amount`, `paymentType`, `goddown_no`, `cash_record_date`, `name`) VALUES
(1, 1, 1000, 'Cash', '1', '2016-10-15 13:28:25', 'Vicky'),
(2, 3, 29000, 'Cash', '5', '2017-05-22 09:17:11', 'kalia'),
(3, 54, 650000, 'Cash', '653', '2017-05-23 15:27:03', 'pawan'),
(4, 2, 65000, 'Cash', '3', '2017-05-23 15:27:22', 'debasis'),
(5, 1, 2000, 'Cash', '1', '2017-05-30 23:04:14', 'Vicky');

-- --------------------------------------------------------

--
-- Table structure for table `td_customer_balance`
--

CREATE TABLE `td_customer_balance` (
  `customer_id` bigint(20) NOT NULL,
  `godownno` varchar(20) NOT NULL,
  `total_balance` double NOT NULL DEFAULT '0',
  `name` varchar(50) NOT NULL
) ENGINE=InnoDB DEFAULT CHARSET=latin1;

--
-- Dumping data for table `td_customer_balance`
--

INSERT INTO `td_customer_balance` (`customer_id`, `godownno`, `total_balance`, `name`) VALUES
(1, '1', 610850, 'Vicky'),
(2, '3', 451090, 'debasis'),
(3, '5', 228010, 'kalia'),
(4, '6', 950220, 'santosh'),
(5, '4', 1509500, 'ajaya'),
(6, '10', 1876250, 'puru'),
(12, '23', 0, 'harish'),
(23, '931', 1124000, 'Biswa Ranjan Patro'),
(24, '831', 714500, 'Somya jena'),
(25, '635', 0, 'ranu'),
(26, '555', 577000, 'bikash'),
(27, '135', 0, 'Rajan jena'),
(28, '897', 0, 'somya ranjan jena'),
(29, '561', 687500, 'tulu patro'),
(30, '888', 0, 'tapan'),
(31, '565', 0, 'sagar'),
(32, '777', 625000, 'kalu'),
(33, '889', 716000, 'john'),
(36, '632', 2188000, 'sanatana'),
(37, '220', 898500, 'sankar'),
(38, '225', 1170000, 'pitabas'),
(39, '443', 162000, 'Prince'),
(40, '775', 0, 'kunal'),
(42, '441', 630000, 'pravas'),
(43, '820', 200000, 'ajit'),
(45, '661', 0, 'badri narayan'),
(46, '254', 0, 'madhusudana'),
(47, '436', 0, 'nirajan'),
(50, '432', 0, 'purusotam'),
(51, '221', 0, 's samesh'),
(52, '222', 0, 'm soudajya '),
(54, '653', 673000, 'pawan'),
(57, '257', 0, 'pritam'),
(58, '987', 0, 'kamasu'),
(60, '920', 0, 'B kamlesh'),
(61, '963', 504000, 'suprime'),
(62, '631', 0, 'B sunil'),
(63, '910', 0, 'Akashya'),
(65, '019', 200000, 'Sanjay'),
(66, '091', 0, 'Bitu'),
(67, '801', 198000, 'titu'),
(68, '108', 100000, 'Mitu'),
(69, '018', 0, 'silu'),
(70, '081', 120000, 'Nilu'),
(71, '701', 99000, 'Sisira'),
(72, '107', 0, 'Sukanta'),
(73, '017', 0, 'Sudhir'),
(74, '071', 470000, 'Ashwani'),
(75, '601', 0, 'Buburu'),
(76, '501', 100000, 'rajani'),
(78, '010', 0, 'bhagirathi'),
(79, '001', 1035000, 'tili'),
(80, '100', 99000, 'prabhu'),
(81, '123', 0, 'biranchi'),
(82, '321', 0, 'sridhara'),
(83, '213', 0, 'k krushna'),
(85, '258', 0, 'B china ready'),
(86, '147', 1030000, 'prasanna'),
(87, '369', 0, 'Bhagabana'),
(89, '98', 0, 'B prasanna'),
(90, '693', 1530000, 'sonu'),
(91, '456', 0, 'Bijay'),
(95, '027', 0, 'monty'),
(96, '207', 180000, 'bibhu'),
(97, '702', 0, 'jagannath'),
(98, '072', 120000, 'balram'),
(99, '089', 685000, 'pasuram'),
(100, '908', 0, 'banchanidhi'),
(103, '003', 0, 'JAYA'),
(104, '143', 4568000, 'LIPAN');

-- --------------------------------------------------------

--
-- Table structure for table `td_customer_balance_details`
--

CREATE TABLE `td_customer_balance_details` (
  `balance_details_code` bigint(20) NOT NULL,
  `customer_id` bigint(20) NOT NULL,
  `goddown_no` varchar(20) NOT NULL,
  `bill_no` bigint(20) NOT NULL,
  `bill_amount` double NOT NULL,
  `paid_amount` double NOT NULL,
  `due_amount` double NOT NULL,
  `name` varchar(50) NOT NULL,
  `bill_date` datetime NOT NULL
) ENGINE=InnoDB DEFAULT CHARSET=latin1;

--
-- Dumping data for table `td_customer_balance_details`
--

INSERT INTO `td_customer_balance_details` (`balance_details_code`, `customer_id`, `goddown_no`, `bill_no`, `bill_amount`, `paid_amount`, `due_amount`, `name`, `bill_date`) VALUES
(3, 1, '1', 3, 480, 0, 480, 'Vicky', '2016-10-13 23:01:54'),
(4, 1, '1', 15, 440, 0, 440, 'Vicky', '2016-10-16 03:25:16'),
(5, 1, '1', 16, 40, 0, 40, 'Vicky', '2017-05-13 21:06:37'),
(6, 1, '1', 20, 80, 0, 80, 'Vicky', '2017-05-19 21:59:39'),
(7, 1, '1', 21, 80, 0, 80, 'Vicky', '2017-05-19 22:01:27'),
(8, 2, '3', 23, 300275, 0, 300275, 'debasis', '2017-05-21 09:59:31'),
(9, 2, '3', 24, 275, 0, 275, 'debasis', '2017-05-21 10:03:00'),
(10, 2, '3', 25, 1100, 0, 1100, 'debasis', '2017-05-21 10:12:04'),
(11, 2, '3', 26, 1200, 0, 1200, 'debasis', '2017-05-21 10:13:04'),
(12, 2, '3', 27, 1200, 0, 1200, 'debasis', '2017-05-21 10:13:04'),
(13, 3, '5', 28, 37000, 0, 37000, 'kalia', '2017-05-21 10:55:35'),
(14, 1, '1', 29, 220, 0, 220, 'Vicky', '2017-05-21 11:01:37'),
(15, 1, '1', 30, 4000, 0, 4000, 'Vicky', '2017-05-21 11:03:32'),
(16, 2, '3', 32, 146680, 0, 146680, 'debasis', '2017-05-22 09:07:27'),
(17, 3, '5', 33, 41000, 29000, 12000, 'kalia', '2017-05-22 09:13:17'),
(18, 5, '4', 35, 11000, 11000, 0, 'ajaya', '2017-05-22 09:29:18'),
(19, 6, '10', 36, 146250, 146250, 0, 'puru', '2017-05-22 09:37:18'),
(20, 6, '10', 37, 171250, 171250, 0, 'puru', '2017-05-22 09:49:40'),
(21, 5, '4', 38, 257500, 0, 257500, 'ajaya', '2017-05-22 09:58:14'),
(22, 5, '4', 39, 453500, 300000, 153500, 'ajaya', '2017-05-22 13:06:04'),
(23, 3, '5', 40, 428500, 250000, 178500, 'kalia', '2017-05-22 13:09:04'),
(24, 6, '10', 42, 870000, 0, 870000, 'puru', '2017-05-22 13:51:25'),
(25, 12, '23', 43, 691000, 691000, 0, 'harish', '2017-05-22 13:56:10'),
(26, 6, '10', 44, 1006250, 0, 1006250, 'puru', '2017-05-22 13:58:20'),
(27, 3, '5', 45, 613750, 613750, 0, 'kalia', '2017-05-22 14:22:12'),
(28, 1, '1', 46, 598000, 598000, 0, 'Vicky', '2017-05-22 14:47:51'),
(29, 3, '5', 47, 334000, 334000, 0, 'kalia', '2017-05-22 14:53:41'),
(30, 4, '6', 48, 472000, 472000, 0, 'santosh', '2017-05-22 14:54:45'),
(31, 12, '23', 49, 173000, 173000, 0, 'harish', '2017-05-22 15:13:31'),
(32, 4, '6', 50, 242000, 242000, 0, 'santosh', '2017-05-22 15:30:18'),
(33, 1, '1', 51, 452000, 452000, 0, 'Vicky', '2017-05-22 16:00:01'),
(34, 2, '3', 52, 619500, 619500, 0, 'debasis', '2017-05-22 16:23:30'),
(35, 5, '4', 53, 493500, 0, 493500, 'ajaya', '2017-05-22 16:25:06'),
(36, 1, '1', 154, 80, 0, 80, 'Vicky', '2017-05-24 23:08:19'),
(37, 2, '3', 155, 130920, 130920, 0, 'debasis', '2017-05-25 06:46:38'),
(38, 100, '908', 156, 277168, 277168, 0, 'banchanidhi', '2017-05-25 06:47:31'),
(39, 25, '635', 157, 548000, 548000, 0, 'ranu', '2017-05-25 06:50:37'),
(40, 26, '555', 158, 577000, 0, 577000, 'bikash', '2017-05-25 06:52:24'),
(41, 23, '931', 159, 1014000, 0, 1014000, 'Biswa Ranjan Patro', '2017-05-25 06:54:44'),
(42, 24, '831', 160, 516500, 0, 516500, 'Somya jena', '2017-05-25 06:57:04'),
(43, 29, '561', 161, 687500, 0, 687500, 'tulu patro', '2017-05-25 06:59:18'),
(44, 27, '135', 162, 445000, 445000, 0, 'Rajan jena', '2017-05-25 07:01:23'),
(45, 28, '897', 163, 407500, 407500, 0, 'somya ranjan jena', '2017-05-25 07:03:16'),
(46, 29, '561', 164, 732000, 732000, 0, 'tulu patro', '2017-05-25 07:06:07'),
(47, 30, '888', 165, 635000, 635000, 0, 'tapan', '2017-05-25 07:07:51'),
(48, 31, '565', 166, 460000, 460000, 0, 'sagar', '2017-05-25 07:10:01'),
(49, 32, '777', 167, 625000, 0, 625000, 'kalu', '2017-05-25 07:16:35'),
(50, 33, '889', 168, 704000, 0, 704000, 'john', '2017-05-25 07:17:58'),
(51, 36, '632', 169, 2088000, 0, 2088000, 'sanatana', '2017-05-25 07:19:48'),
(52, 37, '220', 170, 798500, 0, 798500, 'sankar', '2017-05-25 07:22:12'),
(53, 38, '225', 171, 1170000, 0, 1170000, 'pitabas', '2017-05-25 07:25:05'),
(54, 39, '443', 172, 730000, 730000, 0, 'Prince', '2017-05-25 07:26:44'),
(55, 40, '775', 173, 784000, 784000, 0, 'kunal', '2017-05-25 07:28:01'),
(56, 42, '441', 174, 630000, 0, 630000, 'pravas', '2017-05-25 07:29:34'),
(57, 43, '820', 175, 835000, 835000, 0, 'ajit', '2017-05-25 07:30:30'),
(58, 45, '661', 176, 630000, 630000, 0, 'badri narayan', '2017-05-25 07:31:59'),
(59, 46, '254', 177, 445000, 445000, 0, 'madhusudana', '2017-05-25 07:32:57'),
(60, 47, '436', 178, 675000, 675000, 0, 'nirajan', '2017-05-25 07:33:41'),
(61, 50, '432', 179, 645000, 645000, 0, 'purusotam', '2017-05-25 07:34:41'),
(62, 51, '221', 180, 315000, 315000, 0, 's samesh', '2017-05-25 07:35:42'),
(63, 52, '222', 181, 555000, 555000, 0, 'm soudajya ', '2017-05-25 07:46:24'),
(64, 54, '653', 182, 473000, 0, 473000, 'pawan', '2017-05-25 07:47:38'),
(65, 57, '257', 183, 1155000, 1155000, 0, 'pritam', '2017-05-25 07:49:35'),
(66, 58, '987', 184, 1044000, 1044000, 0, 'kamasu', '2017-05-25 07:51:48'),
(67, 58, '987', 185, 544000, 544000, 0, 'kamasu', '2017-05-25 08:41:57'),
(68, 60, '920', 186, 490000, 490000, 0, 'B kamlesh', '2017-05-25 08:43:22'),
(69, 61, '963', 187, 414000, 0, 414000, 'suprime', '2017-05-25 08:45:30'),
(70, 62, '631', 188, 219000, 219000, 0, 'B sunil', '2017-05-25 08:46:41'),
(71, 63, '910', 189, 260000, 260000, 0, 'Akashya', '2017-05-25 08:50:14'),
(72, 65, '019', 190, 414000, 414000, 0, 'Sanjay', '2017-05-25 08:55:54'),
(73, 66, '091', 191, 640000, 640000, 0, 'Bitu', '2017-05-25 08:57:52'),
(74, 67, '801', 192, 436000, 436000, 0, 'titu', '2017-05-25 08:59:44'),
(75, 68, '108', 193, 585000, 585000, 0, 'Mitu', '2017-05-25 09:01:34'),
(76, 69, '018', 194, 284000, 284000, 0, 'silu', '2017-05-25 09:03:09'),
(77, 70, '081', 195, 555000, 555000, 0, 'Nilu', '2017-05-25 09:04:28'),
(78, 70, '081', 196, 390000, 390000, 0, 'Nilu', '2017-05-25 09:07:13'),
(79, 71, '701', 197, 544000, 544000, 0, 'Sisira', '2017-05-25 09:08:18'),
(80, 72, '107', 198, 475000, 475000, 0, 'Sukanta', '2017-05-25 09:09:42'),
(81, 73, '017', 199, 406000, 406000, 0, 'Sudhir', '2017-05-25 09:10:57'),
(82, 83, '213', 200, 380000, 380000, 0, 'k krushna', '2017-05-25 09:12:12'),
(83, 85, '258', 201, 620000, 620000, 0, 'B china ready', '2017-05-25 09:13:16'),
(84, 74, '071', 202, 720000, 720000, 0, 'Ashwani', '2017-05-25 09:14:18'),
(85, 75, '601', 203, 515000, 515000, 0, 'Buburu', '2017-05-25 09:20:25'),
(86, 76, '501', 204, 2004000, 2004000, 0, 'rajani', '2017-05-25 09:23:25'),
(87, 78, '010', 205, 1115000, 1115000, 0, 'bhagirathi', '2017-05-25 09:27:16'),
(88, 79, '001', 206, 470000, 470000, 0, 'tili', '2017-05-25 09:28:14'),
(89, 1, '1', 207, 400000, 0, 400000, 'Vicky', '2017-05-25 13:19:24'),
(90, 2, '3', 208, 605000, 605000, 0, 'debasis', '2017-05-25 13:23:57'),
(91, 3, '5', 209, 779000, 779000, 0, 'kalia', '2017-05-25 13:24:54'),
(92, 100, '908', 210, 515000, 515000, 0, 'banchanidhi', '2017-05-25 15:19:57'),
(93, 99, '089', 211, 685000, 0, 685000, 'pasuram', '2017-05-25 15:21:04'),
(94, 98, '072', 212, 1155000, 1155000, 0, 'balram', '2017-05-25 15:22:09'),
(95, 97, '702', 213, 1080000, 1080000, 0, 'jagannath', '2017-05-25 15:23:52'),
(96, 96, '207', 214, 914000, 914000, 0, 'bibhu', '2017-05-25 15:25:46'),
(97, 95, '027', 215, 605000, 605000, 0, 'monty', '2017-05-25 15:28:20'),
(98, 91, '456', 216, 700000, 700000, 0, 'Bijay', '2017-05-25 15:29:32'),
(99, 90, '693', 217, 1530000, 0, 1530000, 'sonu', '2017-05-25 15:30:57'),
(100, 89, '98', 218, 690000, 690000, 0, 'B prasanna', '2017-05-25 15:32:34'),
(101, 87, '369', 219, 894000, 894000, 0, 'Bhagabana', '2017-05-25 15:36:45'),
(102, 86, '147', 220, 620000, 620000, 0, 'prasanna', '2017-05-25 15:38:05'),
(103, 85, '258', 221, 685000, 685000, 0, 'B china ready', '2017-05-25 15:39:25'),
(104, 83, '213', 222, 1630000, 1630000, 0, 'k krushna', '2017-05-25 15:41:05'),
(105, 82, '321', 223, 690000, 690000, 0, 'sridhara', '2017-05-25 15:42:55'),
(106, 81, '123', 224, 744000, 744000, 0, 'biranchi', '2017-05-25 15:45:31'),
(107, 80, '100', 225, 640000, 640000, 0, 'prabhu', '2017-05-25 15:49:54'),
(108, 79, '001', 226, 1035000, 0, 1035000, 'tili', '2017-05-25 15:51:14'),
(109, 78, '010', 227, 1072000, 1072000, 0, 'bhagirathi', '2017-05-25 15:53:26'),
(110, 76, '501', 228, 744000, 744000, 0, 'rajani', '2017-05-25 15:58:17'),
(111, 1, '1', 230, 635000, 635000, 0, 'Vicky', '2017-05-26 06:43:18'),
(112, 2, '3', 231, 685000, 685000, 0, 'debasis', '2017-05-26 06:44:09'),
(113, 3, '5', 232, 1155000, 1155000, 0, 'kalia', '2017-05-26 06:46:17'),
(114, 4, '6', 233, 1068000, 1068000, 0, 'santosh', '2017-05-26 06:47:40'),
(115, 5, '4', 234, 639000, 639000, 0, 'ajaya', '2017-05-26 06:49:54'),
(116, 5, '4', 235, 605000, 0, 605000, 'ajaya', '2017-05-26 07:20:02'),
(117, 6, '10', 236, 700000, 700000, 0, 'puru', '2017-05-26 07:20:48'),
(118, 12, '23', 237, 1530000, 1530000, 0, 'harish', '2017-05-26 07:21:48'),
(119, 23, '931', 238, 642000, 642000, 0, 'Biswa Ranjan Patro', '2017-05-26 07:23:26'),
(120, 24, '831', 239, 854000, 854000, 0, 'Somya jena', '2017-05-26 07:24:57'),
(121, 25, '635', 240, 620000, 620000, 0, 'ranu', '2017-05-26 07:27:02'),
(122, 26, '555', 241, 685000, 685000, 0, 'bikash', '2017-05-26 07:28:18'),
(123, 27, '135', 242, 1540000, 1540000, 0, 'Rajan jena', '2017-05-26 07:30:33'),
(124, 28, '897', 243, 742000, 742000, 0, 'somya ranjan jena', '2017-05-26 07:32:58'),
(125, 29, '561', 244, 744000, 744000, 0, 'tulu patro', '2017-05-26 07:35:46'),
(126, 30, '888', 245, 640000, 640000, 0, 'tapan', '2017-05-26 07:38:51'),
(127, 31, '565', 246, 665000, 665000, 0, 'sagar', '2017-05-26 07:39:53'),
(128, 32, '777', 247, 1540000, 1540000, 0, 'kalu', '2017-05-26 07:41:25'),
(129, 33, '889', 248, 742000, 742000, 0, 'john', '2017-05-26 07:43:50'),
(130, 36, '632', 249, 744000, 744000, 0, 'sanatana', '2017-05-26 07:45:21'),
(131, 37, '220', 250, 640000, 640000, 0, 'sankar', '2017-05-26 07:46:41'),
(132, 38, '225', 251, 1035000, 1035000, 0, 'pitabas', '2017-05-26 07:47:39'),
(133, 39, '443', 252, 1072000, 1072000, 0, 'Prince', '2017-05-26 07:49:00'),
(134, 40, '775', 253, 744000, 744000, 0, 'kunal', '2017-05-26 07:51:14'),
(135, 42, '441', 254, 860000, 860000, 0, 'pravas', '2017-05-26 07:52:35'),
(136, 43, '820', 255, 620000, 620000, 0, 'ajit', '2017-05-26 07:54:14'),
(137, 45, '661', 256, 1035000, 1035000, 0, 'badri narayan', '2017-05-26 07:55:40'),
(138, 46, '254', 257, 1072000, 1072000, 0, 'madhusudana', '2017-05-26 07:57:17'),
(139, 47, '436', 258, 744000, 744000, 0, 'nirajan', '2017-05-26 07:59:14'),
(140, 50, '432', 259, 860000, 860000, 0, 'purusotam', '2017-05-26 08:00:34'),
(141, 51, '221', 260, 620000, 620000, 0, 's samesh', '2017-05-26 08:01:34'),
(142, 52, '222', 261, 1135000, 1135000, 0, 'm soudajya ', '2017-05-26 08:02:42'),
(143, 54, '653', 262, 1062000, 1062000, 0, 'pawan', '2017-05-26 08:05:05'),
(144, 57, '257', 263, 1014000, 1014000, 0, 'pritam', '2017-05-26 08:06:51'),
(145, 58, '987', 264, 1014000, 1014000, 0, 'kamasu', '2017-05-26 08:08:44'),
(146, 60, '920', 265, 1062000, 1062000, 0, 'B kamlesh', '2017-05-26 08:12:07'),
(147, 61, '963', 266, 1135000, 1135000, 0, 'suprime', '2017-05-26 08:15:23'),
(148, 62, '631', 267, 620000, 620000, 0, 'B sunil', '2017-05-26 08:17:01'),
(149, 63, '910', 268, 860000, 860000, 0, 'Akashya', '2017-05-26 08:19:20'),
(150, 65, '019', 269, 744000, 744000, 0, 'Sanjay', '2017-05-26 08:21:39'),
(151, 67, '801', 270, 470000, 470000, 0, 'titu', '2017-05-26 09:16:05'),
(152, 67, '801', 271, 220000, 22000, 198000, 'titu', '2017-05-26 09:17:20'),
(153, 68, '108', 272, 200000, 200000, 0, 'Mitu', '2017-05-26 09:18:15'),
(154, 69, '018', 273, 130000, 130000, 0, 'silu', '2017-05-26 09:19:28'),
(155, 70, '081', 274, 120000, 0, 120000, 'Nilu', '2017-05-26 09:20:26'),
(156, 70, '081', 275, 12000, 12000, 0, 'Nilu', '2017-05-26 09:21:14'),
(157, 71, '701', 276, 110000, 11000, 99000, 'Sisira', '2017-05-26 09:22:18'),
(158, 72, '107', 277, 130000, 130000, 0, 'Sukanta', '2017-05-26 09:22:58'),
(159, 73, '017', 278, 125000, 125000, 0, 'Sudhir', '2017-05-26 09:24:05'),
(160, 74, '071', 279, 470000, 0, 470000, 'Ashwani', '2017-05-26 09:25:51'),
(161, 75, '601', 280, 220000, 220000, 0, 'Buburu', '2017-05-26 09:26:22'),
(162, 76, '501', 281, 480000, 480000, 0, 'rajani', '2017-05-26 09:27:33'),
(163, 78, '010', 282, 180000, 180000, 0, 'bhagirathi', '2017-05-26 09:29:16'),
(164, 79, '001', 283, 130000, 130000, 0, 'tili', '2017-05-26 09:30:02'),
(165, 80, '100', 284, 125000, 125000, 0, 'prabhu', '2017-05-26 09:30:52'),
(166, 81, '123', 285, 120000, 120000, 0, 'biranchi', '2017-05-26 09:32:58'),
(167, 82, '321', 286, 220000, 220000, 0, 'sridhara', '2017-05-26 09:35:20'),
(168, 83, '213', 287, 480000, 480000, 0, 'k krushna', '2017-05-26 09:37:09'),
(169, 85, '258', 288, 190000, 190000, 0, 'B china ready', '2017-05-26 09:38:04'),
(170, 86, '147', 289, 520000, 520000, 0, 'prasanna', '2017-05-26 09:38:47'),
(171, 86, '147', 290, 520000, 520000, 0, 'prasanna', '2017-05-26 09:38:47'),
(172, 87, '369', 291, 200000, 200000, 0, 'Bhagabana', '2017-05-26 09:40:03'),
(173, 89, '98', 292, 12000, 12000, 0, 'B prasanna', '2017-05-26 09:41:45'),
(174, 89, '98', 293, 12000, 12000, 0, 'B prasanna', '2017-05-26 09:41:45'),
(175, 89, '98', 294, 515000, 515000, 0, 'B prasanna', '2017-05-26 12:56:35'),
(176, 90, '693', 295, 685000, 685000, 0, 'sonu', '2017-05-26 12:58:15'),
(177, 91, '456', 296, 1155000, 1155000, 0, 'Bijay', '2017-05-26 13:01:48'),
(178, 95, '027', 297, 1032000, 1032000, 0, 'monty', '2017-05-26 13:03:37'),
(179, 96, '207', 298, 834000, 834000, 0, 'bibhu', '2017-05-26 13:07:16'),
(180, 97, '702', 299, 1014000, 1014000, 0, 'jagannath', '2017-05-26 13:08:47'),
(181, 98, '072', 300, 1062000, 1062000, 0, 'balram', '2017-05-26 13:09:59'),
(182, 99, '089', 301, 1135000, 1135000, 0, 'pasuram', '2017-05-26 13:11:38'),
(183, 100, '908', 302, 620000, 620000, 0, 'banchanidhi', '2017-05-26 13:13:15'),
(184, 103, '003', 303, 390000, 390000, 0, 'JAYA', '2017-05-26 13:21:19'),
(185, 2, '3', 304, 515000, 515000, 0, 'debasis', '2017-05-26 13:37:48'),
(186, 1, '1', 305, 685000, 685000, 0, 'Vicky', '2017-05-26 13:39:21'),
(187, 3, '5', 306, 1155000, 1155000, 0, 'kalia', '2017-05-26 13:40:27'),
(188, 4, '6', 307, 1052000, 1052000, 0, 'santosh', '2017-05-26 13:41:51'),
(189, 5, '4', 308, 1044000, 1044000, 0, 'ajaya', '2017-05-26 13:50:48'),
(190, 6, '10', 309, 480000, 480000, 0, 'puru', '2017-05-26 14:24:41'),
(191, 12, '23', 310, 125000, 125000, 0, 'harish', '2017-05-26 14:28:13'),
(192, 23, '931', 311, 110000, 0, 110000, 'Biswa Ranjan Patro', '2017-05-26 14:32:53'),
(193, 23, '931', 312, 280000, 280000, 0, 'Biswa Ranjan Patro', '2017-05-26 14:33:28'),
(194, 24, '831', 313, 110000, 110000, 0, 'Somya jena', '2017-05-26 14:34:10'),
(195, 25, '635', 314, 130000, 130000, 0, 'ranu', '2017-05-26 14:35:04'),
(196, 26, '555', 315, 130000, 130000, 0, 'bikash', '2017-05-26 14:36:09'),
(197, 27, '135', 316, 125000, 125000, 0, 'Rajan jena', '2017-05-26 14:36:38'),
(198, 28, '897', 317, 130000, 130000, 0, 'somya ranjan jena', '2017-05-26 14:37:17'),
(199, 29, '561', 318, 110000, 110000, 0, 'tulu patro', '2017-05-26 14:37:56'),
(200, 29, '561', 319, 110000, 110000, 0, 'tulu patro', '2017-05-26 14:37:56'),
(201, 30, '888', 320, 110000, 110000, 0, 'tapan', '2017-05-26 14:38:28'),
(202, 31, '565', 321, 190000, 190000, 0, 'sagar', '2017-05-26 14:39:12'),
(203, 32, '777', 322, 110000, 110000, 0, 'kalu', '2017-05-26 14:39:59'),
(204, 33, '889', 323, 480000, 480000, 0, 'john', '2017-05-26 14:41:41'),
(205, 36, '632', 324, 210000, 210000, 0, 'sanatana', '2017-05-26 14:42:40'),
(206, 37, '220', 325, 210000, 210000, 0, 'sankar', '2017-05-26 14:43:19'),
(207, 38, '225', 326, 520000, 520000, 0, 'pitabas', '2017-05-26 14:44:54'),
(208, 39, '443', 327, 120000, 120000, 0, 'Prince', '2017-05-26 14:45:30'),
(209, 37, '220', 328, 48000, 48000, 0, 'sankar', '2017-05-26 14:59:04'),
(210, 38, '225', 329, 200000, 200000, 0, 'pitabas', '2017-05-26 14:59:37'),
(211, 39, '443', 330, 180000, 18000, 162000, 'Prince', '2017-05-26 15:00:21'),
(212, 39, '443', 331, 130000, 130000, 0, 'Prince', '2017-05-26 15:00:55'),
(213, 40, '775', 332, 130000, 130000, 0, 'kunal', '2017-05-26 15:01:30'),
(214, 42, '441', 333, 220000, 220000, 0, 'pravas', '2017-05-26 15:02:13'),
(215, 43, '820', 334, 14000, 14000, 0, 'ajit', '2017-05-26 15:03:09'),
(216, 45, '661', 335, 470000, 470000, 0, 'badri narayan', '2017-05-26 15:03:55'),
(217, 45, '661', 336, 210000, 210000, 0, 'badri narayan', '2017-05-26 15:04:27'),
(218, 46, '254', 337, 40000, 40000, 0, 'madhusudana', '2017-05-26 15:05:15'),
(219, 47, '436', 338, 110000, 110000, 0, 'nirajan', '2017-05-26 15:06:16'),
(220, 50, '432', 339, 110000, 110000, 0, 'purusotam', '2017-05-26 15:06:49'),
(221, 51, '221', 340, 130000, 130000, 0, 's samesh', '2017-05-26 15:07:21'),
(222, 52, '222', 341, 125000, 125000, 0, 'm soudajya ', '2017-05-26 15:08:27'),
(223, 54, '653', 342, 130000, 130000, 0, 'pawan', '2017-05-26 15:09:09'),
(224, 57, '257', 343, 125000, 125000, 0, 'pritam', '2017-05-26 15:09:59'),
(225, 58, '987', 344, 130000, 130000, 0, 'kamasu', '2017-05-26 15:10:38'),
(226, 60, '920', 345, 110000, 110000, 0, 'B kamlesh', '2017-05-26 15:12:03'),
(227, 61, '963', 346, 190000, 190000, 0, 'suprime', '2017-05-26 15:12:33'),
(228, 62, '631', 347, 145000, 145000, 0, 'B sunil', '2017-05-26 15:13:15'),
(229, 63, '910', 348, 110000, 110000, 0, 'Akashya', '2017-05-26 15:13:59'),
(230, 65, '019', 349, 480000, 480000, 0, 'Sanjay', '2017-05-26 15:14:35'),
(231, 66, '091', 350, 210000, 210000, 0, 'Bitu', '2017-05-26 15:15:07'),
(232, 67, '801', 351, 210000, 210000, 0, 'titu', '2017-05-26 15:16:27'),
(233, 68, '108', 352, 520000, 520000, 0, 'Mitu', '2017-05-26 15:17:01'),
(234, 69, '018', 353, 120000, 120000, 0, 'silu', '2017-05-26 15:18:29'),
(235, 69, '018', 354, 120000, 120000, 0, 'silu', '2017-05-26 15:18:29'),
(236, 70, '081', 355, 12000, 12000, 0, 'Nilu', '2017-05-26 15:19:48'),
(237, 71, '701', 356, 200000, 200000, 0, 'Sisira', '2017-05-26 15:21:02'),
(238, 72, '107', 357, 180000, 180000, 0, 'Sukanta', '2017-05-26 15:22:03'),
(239, 73, '017', 358, 130000, 130000, 0, 'Sudhir', '2017-05-26 15:22:41'),
(240, 74, '071', 359, 130000, 130000, 0, 'Ashwani', '2017-05-26 15:23:14'),
(241, 75, '601', 360, 220000, 220000, 0, 'Buburu', '2017-05-26 15:23:48'),
(242, 76, '501', 361, 140000, 140000, 0, 'rajani', '2017-05-26 15:24:37'),
(243, 78, '010', 362, 470000, 470000, 0, 'bhagirathi', '2017-05-26 15:25:25'),
(244, 79, '001', 363, 210000, 210000, 0, 'tili', '2017-05-26 15:26:12'),
(245, 79, '001', 364, 40000, 40000, 0, 'tili', '2017-05-26 15:27:12'),
(246, 80, '100', 365, 110000, 110000, 0, 'prabhu', '2017-05-26 15:27:52'),
(247, 81, '123', 366, 110000, 110000, 0, 'biranchi', '2017-05-26 15:30:59'),
(248, 82, '321', 367, 130000, 130000, 0, 'sridhara', '2017-05-26 15:31:47'),
(249, 83, '213', 368, 125000, 125000, 0, 'k krushna', '2017-05-26 15:32:30'),
(250, 85, '258', 369, 130000, 130000, 0, 'B china ready', '2017-05-26 15:33:20'),
(251, 86, '147', 370, 125000, 125000, 0, 'prasanna', '2017-05-26 15:33:55'),
(252, 87, '369', 371, 130000, 130000, 0, 'Bhagabana', '2017-05-26 15:35:20'),
(253, 89, '98', 372, 110000, 110000, 0, 'B prasanna', '2017-05-26 15:36:08'),
(254, 90, '693', 373, 190000, 190000, 0, 'sonu', '2017-05-26 15:38:09'),
(255, 91, '456', 374, 190000, 190000, 0, 'Bijay', '2017-05-26 15:38:58'),
(256, 95, '027', 375, 145000, 145000, 0, 'monty', '2017-05-26 15:42:01'),
(257, 96, '207', 376, 110000, 110000, 0, 'bibhu', '2017-05-26 15:42:37'),
(258, 97, '702', 377, 480000, 480000, 0, 'jagannath', '2017-05-26 15:43:20'),
(259, 98, '072', 378, 210000, 210000, 0, 'balram', '2017-05-26 15:44:18'),
(260, 99, '089', 379, 210000, 210000, 0, 'pasuram', '2017-05-26 15:45:12'),
(261, 100, '908', 380, 520000, 520000, 0, 'banchanidhi', '2017-05-26 15:46:45'),
(262, 103, '003', 381, 120000, 120000, 0, 'JAYA', '2017-05-26 15:47:21'),
(263, 1, '1', 382, 40000, 40000, 0, 'Vicky', '2017-05-26 16:08:43'),
(264, 1, '1', 383, 1440, 500, 940, 'Vicky', '2017-05-26 23:29:36'),
(265, 1, '1', 385, 40000, 40000, 0, 'Vicky', '2017-05-27 13:12:18'),
(266, 2, '3', 386, 109340, 109340, 0, 'debasis', '2017-05-27 13:14:02'),
(267, 3, '5', 387, 110000, 110000, 0, 'kalia', '2017-05-27 13:15:41'),
(268, 4, '6', 388, 129220, 129220, 0, 'santosh', '2017-05-27 13:16:33'),
(269, 5, '4', 389, 125000, 125000, 0, 'ajaya', '2017-05-27 13:18:26'),
(270, 6, '10', 390, 130000, 130000, 0, 'puru', '2017-05-27 13:19:06'),
(271, 12, '23', 391, 125000, 125000, 0, 'harish', '2017-05-27 13:19:30'),
(272, 23, '931', 392, 130000, 130000, 0, 'Biswa Ranjan Patro', '2017-05-27 13:21:14'),
(273, 24, '831', 393, 110000, 110000, 0, 'Somya jena', '2017-05-27 13:21:43'),
(274, 25, '635', 394, 190000, 190000, 0, 'ranu', '2017-05-27 13:22:31'),
(275, 26, '555', 395, 145000, 145000, 0, 'bikash', '2017-05-27 13:22:59'),
(276, 27, '135', 396, 110000, 110000, 0, 'Rajan jena', '2017-05-27 13:24:54'),
(277, 28, '897', 397, 480000, 480000, 0, 'somya ranjan jena', '2017-05-27 13:25:53'),
(278, 29, '561', 398, 210000, 210000, 0, 'tulu patro', '2017-05-27 13:26:33'),
(279, 30, '888', 399, 210000, 210000, 0, 'tapan', '2017-05-27 13:27:03'),
(280, 31, '565', 400, 520000, 520000, 0, 'sagar', '2017-05-27 13:28:43'),
(281, 32, '777', 401, 520000, 520000, 0, 'kalu', '2017-05-27 13:29:32'),
(282, 33, '889', 402, 120000, 120000, 0, 'john', '2017-05-27 13:30:02'),
(283, 36, '632', 403, 12000, 12000, 0, 'sanatana', '2017-05-27 13:30:40'),
(284, 37, '220', 404, 200000, 200000, 0, 'sankar', '2017-05-27 13:31:05'),
(285, 38, '225', 405, 180000, 180000, 0, 'pitabas', '2017-05-27 13:32:03'),
(286, 39, '443', 406, 130000, 130000, 0, 'Prince', '2017-05-27 13:33:00'),
(287, 40, '775', 407, 220000, 220000, 0, 'kunal', '2017-05-27 13:33:52'),
(288, 42, '441', 408, 14000, 14000, 0, 'pravas', '2017-05-27 13:34:34'),
(289, 43, '820', 409, 470000, 470000, 0, 'ajit', '2017-05-27 13:35:02'),
(290, 45, '661', 410, 210000, 210000, 0, 'badri narayan', '2017-05-27 13:35:42'),
(291, 46, '254', 411, 40000, 40000, 0, 'madhusudana', '2017-05-27 13:36:25'),
(292, 47, '436', 412, 110000, 110000, 0, 'nirajan', '2017-05-27 13:37:23'),
(293, 50, '432', 413, 110000, 110000, 0, 'purusotam', '2017-05-27 13:38:07'),
(294, 51, '221', 414, 130000, 130000, 0, 's samesh', '2017-05-27 13:38:46'),
(295, 52, '222', 415, 125000, 125000, 0, 'm soudajya ', '2017-05-27 13:39:53'),
(296, 54, '653', 416, 130000, 130000, 0, 'pawan', '2017-05-27 13:40:37'),
(297, 57, '257', 417, 125000, 125000, 0, 'pritam', '2017-05-27 13:41:27'),
(298, 58, '987', 418, 130000, 130000, 0, 'kamasu', '2017-05-27 13:47:50'),
(299, 60, '920', 419, 110000, 110000, 0, 'B kamlesh', '2017-05-27 13:48:46'),
(300, 61, '963', 420, 190000, 190000, 0, 'suprime', '2017-05-27 13:49:25'),
(301, 62, '631', 421, 145000, 145000, 0, 'B sunil', '2017-05-27 13:49:54'),
(302, 63, '910', 422, 110000, 110000, 0, 'Akashya', '2017-05-27 13:50:31'),
(303, 65, '019', 423, 480000, 480000, 0, 'Sanjay', '2017-05-27 13:51:13'),
(304, 66, '091', 424, 210000, 210000, 0, 'Bitu', '2017-05-27 13:51:46'),
(305, 67, '801', 425, 210000, 210000, 0, 'titu', '2017-05-27 13:52:28'),
(306, 67, '801', 426, 520000, 520000, 0, 'titu', '2017-05-27 13:53:02'),
(307, 68, '108', 427, 120000, 120000, 0, 'Mitu', '2017-05-27 13:53:36'),
(308, 69, '018', 428, 12000, 12000, 0, 'silu', '2017-05-27 13:55:05'),
(309, 70, '081', 429, 200000, 200000, 0, 'Nilu', '2017-05-27 13:57:01'),
(310, 71, '701', 430, 180000, 180000, 0, 'Sisira', '2017-05-27 13:57:47'),
(311, 72, '107', 431, 130000, 130000, 0, 'Sukanta', '2017-05-27 13:58:55'),
(312, 73, '017', 432, 220000, 220000, 0, 'Sudhir', '2017-05-27 15:20:21'),
(313, 74, '071', 433, 14000, 14000, 0, 'Ashwani', '2017-05-27 15:20:59'),
(314, 75, '601', 434, 470000, 470000, 0, 'Buburu', '2017-05-27 15:21:46'),
(315, 76, '501', 435, 210000, 210000, 0, 'rajani', '2017-05-27 15:22:16'),
(316, 78, '010', 436, 40000, 40000, 0, 'bhagirathi', '2017-05-27 15:23:39'),
(317, 79, '001', 437, 110000, 110000, 0, 'tili', '2017-05-27 15:24:52'),
(318, 79, '001', 438, 110000, 110000, 0, 'tili', '2017-05-27 15:25:44'),
(319, 80, '100', 439, 110000, 11000, 99000, 'prabhu', '2017-05-27 15:30:29'),
(320, 80, '100', 440, 130000, 130000, 0, 'prabhu', '2017-05-27 15:31:08'),
(321, 81, '123', 441, 125000, 125000, 0, 'biranchi', '2017-05-27 15:33:25'),
(322, 82, '321', 442, 130000, 130000, 0, 'sridhara', '2017-05-27 15:34:56'),
(323, 83, '213', 443, 130000, 130000, 0, 'k krushna', '2017-05-27 15:35:34'),
(324, 85, '258', 444, 125000, 125000, 0, 'B china ready', '2017-05-27 15:36:25'),
(325, 2, '3', 445, 220, 30, 190, 'debasis', '2017-05-28 05:00:47'),
(326, 3, '5', 446, 330, 30, 300, 'kalia', '2017-05-28 05:04:28'),
(327, 4, '6', 447, 260, 40, 220, 'santosh', '2017-05-28 05:07:10'),
(328, 2, '3', 448, 220, 50, 170, 'debasis', '2017-05-28 23:36:15'),
(329, 3, '5', 449, 220, 60, 160, 'kalia', '2017-05-28 23:36:47'),
(330, 3, '5', 450, 550, 500, 50, 'kalia', '2017-05-28 23:37:56'),
(331, 2, '3', 452, 40000, 40000, 0, 'debasis', '2017-05-29 13:05:51'),
(332, 4, '6', 453, 110000, 60000, 50000, 'santosh', '2017-05-29 13:06:42'),
(333, 1, '1', 454, 40000, 40000, 0, 'Vicky', '2017-05-29 13:11:41'),
(334, 2, '3', 455, 109450, 109450, 0, 'debasis', '2017-05-29 13:12:16'),
(335, 3, '5', 456, 109010, 109010, 0, 'kalia', '2017-05-29 13:13:22'),
(336, 3, '5', 457, 110000, 110000, 0, 'kalia', '2017-05-29 13:13:59'),
(337, 4, '6', 458, 129740, 129740, 0, 'santosh', '2017-05-29 13:14:43'),
(338, 5, '4', 459, 125000, 125000, 0, 'ajaya', '2017-05-29 13:15:12'),
(339, 6, '10', 460, 130000, 130000, 0, 'puru', '2017-05-29 13:16:07'),
(340, 12, '23', 461, 125000, 125000, 0, 'harish', '2017-05-29 13:16:50'),
(341, 23, '931', 462, 130000, 130000, 0, 'Biswa Ranjan Patro', '2017-05-29 13:17:18'),
(342, 23, '931', 463, 130000, 130000, 0, 'Biswa Ranjan Patro', '2017-05-29 13:17:18'),
(343, 24, '831', 464, 110000, 110000, 0, 'Somya jena', '2017-05-29 13:17:58'),
(344, 25, '635', 465, 190000, 190000, 0, 'ranu', '2017-05-29 13:38:52'),
(345, 26, '555', 466, 145000, 145000, 0, 'bikash', '2017-05-29 13:39:22'),
(346, 27, '135', 467, 110000, 110000, 0, 'Rajan jena', '2017-05-29 13:40:08'),
(347, 28, '897', 468, 480000, 480000, 0, 'somya ranjan jena', '2017-05-29 13:40:53'),
(348, 28, '897', 469, 480000, 480000, 0, 'somya ranjan jena', '2017-05-29 13:41:20'),
(349, 29, '561', 470, 210000, 210000, 0, 'tulu patro', '2017-05-29 13:42:09'),
(350, 30, '888', 471, 210000, 210000, 0, 'tapan', '2017-05-29 13:43:17'),
(351, 31, '565', 472, 520000, 520000, 0, 'sagar', '2017-05-29 13:44:05'),
(352, 32, '777', 473, 120000, 120000, 0, 'kalu', '2017-05-29 13:44:45'),
(353, 33, '889', 474, 12000, 0, 12000, 'john', '2017-05-29 13:45:31'),
(354, 36, '632', 475, 200000, 100000, 100000, 'sanatana', '2017-05-29 13:46:08'),
(355, 37, '220', 476, 180000, 180000, 0, 'sankar', '2017-05-29 13:46:46'),
(356, 38, '225', 477, 130000, 130000, 0, 'pitabas', '2017-05-29 13:47:21'),
(357, 39, '443', 478, 220000, 220000, 0, 'Prince', '2017-05-29 13:47:51'),
(358, 40, '775', 479, 220000, 220000, 0, 'kunal', '2017-05-29 13:48:23'),
(359, 42, '441', 480, 14000, 14000, 0, 'pravas', '2017-05-29 13:49:01'),
(360, 43, '820', 481, 470000, 270000, 200000, 'ajit', '2017-05-29 13:49:32'),
(361, 45, '661', 482, 210000, 210000, 0, 'badri narayan', '2017-05-29 13:50:05'),
(362, 45, '661', 483, 200000, 200000, 0, 'badri narayan', '2017-05-29 13:50:54'),
(363, 46, '254', 484, 110000, 110000, 0, 'madhusudana', '2017-05-29 13:51:47'),
(364, 47, '436', 485, 110000, 110000, 0, 'nirajan', '2017-05-29 13:52:19'),
(365, 50, '432', 486, 130000, 130000, 0, 'purusotam', '2017-05-29 13:52:56'),
(366, 51, '221', 487, 125000, 125000, 0, 's samesh', '2017-05-29 13:53:34'),
(367, 52, '222', 488, 130000, 130000, 0, 'm soudajya ', '2017-05-29 13:54:45'),
(368, 54, '653', 489, 125000, 125000, 0, 'pawan', '2017-05-29 13:55:17'),
(369, 57, '257', 490, 130000, 130000, 0, 'pritam', '2017-05-29 13:56:00'),
(370, 58, '987', 491, 110000, 110000, 0, 'kamasu', '2017-05-29 13:56:47'),
(371, 60, '920', 492, 110000, 110000, 0, 'B kamlesh', '2017-05-29 13:57:25'),
(372, 61, '963', 493, 190000, 100000, 90000, 'suprime', '2017-05-29 13:57:58'),
(373, 62, '631', 494, 145000, 145000, 0, 'B sunil', '2017-05-29 13:58:32'),
(374, 63, '910', 495, 110000, 110000, 0, 'Akashya', '2017-05-29 13:59:23'),
(375, 65, '019', 496, 480000, 280000, 200000, 'Sanjay', '2017-05-29 14:00:12'),
(376, 66, '091', 497, 210000, 210000, 0, 'Bitu', '2017-05-29 14:00:59'),
(377, 67, '801', 498, 210000, 210000, 0, 'titu', '2017-05-29 14:01:33'),
(378, 68, '108', 499, 520000, 420000, 100000, 'Mitu', '2017-05-29 14:02:14'),
(379, 69, '018', 500, 120000, 120000, 0, 'silu', '2017-05-29 14:02:51'),
(380, 70, '081', 501, 84000, 84000, 0, 'Nilu', '2017-05-29 14:03:29'),
(381, 71, '701', 502, 200000, 200000, 0, 'Sisira', '2017-05-29 14:04:07'),
(382, 72, '107', 503, 180000, 180000, 0, 'Sukanta', '2017-05-29 14:04:45'),
(383, 73, '017', 504, 130000, 130000, 0, 'Sudhir', '2017-05-29 14:05:20'),
(384, 74, '071', 505, 220000, 220000, 0, 'Ashwani', '2017-05-29 14:06:02'),
(385, 75, '601', 506, 98000, 98000, 0, 'Buburu', '2017-05-29 14:06:40'),
(386, 76, '501', 507, 470000, 370000, 100000, 'rajani', '2017-05-29 14:07:45'),
(387, 78, '010', 508, 210000, 210000, 0, 'bhagirathi', '2017-05-29 14:08:41'),
(388, 79, '001', 509, 40000, 40000, 0, 'tili', '2017-05-29 14:09:38'),
(389, 80, '100', 510, 110000, 110000, 0, 'prabhu', '2017-05-29 14:10:09'),
(390, 81, '123', 511, 110000, 110000, 0, 'biranchi', '2017-05-29 14:10:40'),
(391, 82, '321', 512, 130000, 130000, 0, 'sridhara', '2017-05-29 14:11:14'),
(392, 83, '213', 513, 125000, 125000, 0, 'k krushna', '2017-05-29 14:11:49'),
(393, 85, '258', 514, 130000, 130000, 0, 'B china ready', '2017-05-29 14:12:35'),
(394, 86, '147', 515, 125000, 125000, 0, 'prasanna', '2017-05-29 14:13:26'),
(395, 87, '369', 516, 130000, 130000, 0, 'Bhagabana', '2017-05-29 14:14:06'),
(396, 89, '98', 517, 110000, 110000, 0, 'B prasanna', '2017-05-29 14:14:43'),
(397, 90, '693', 518, 145000, 145000, 0, 'sonu', '2017-05-29 14:17:17'),
(398, 91, '456', 519, 190000, 190000, 0, 'Bijay', '2017-05-29 14:17:47'),
(399, 95, '027', 520, 110000, 110000, 0, 'monty', '2017-05-29 14:18:21'),
(400, 96, '207', 521, 480000, 300000, 180000, 'bibhu', '2017-05-29 14:18:59'),
(401, 97, '702', 522, 210000, 210000, 0, 'jagannath', '2017-05-29 14:20:18'),
(402, 98, '072', 523, 210000, 210000, 0, 'balram', '2017-05-29 14:21:02'),
(403, 98, '072', 524, 520000, 400000, 120000, 'balram', '2017-05-29 14:21:48'),
(404, 99, '089', 525, 120000, 120000, 0, 'pasuram', '2017-05-29 14:22:31'),
(405, 100, '908', 526, 12000, 12000, 0, 'banchanidhi', '2017-05-29 14:24:30'),
(406, 103, '003', 527, 200000, 200000, 0, 'JAYA', '2017-05-29 14:25:09'),
(407, 1, '1', 528, 180000, 180000, 0, 'Vicky', '2017-05-29 14:28:20'),
(408, 2, '3', 529, 130000, 130000, 0, 'debasis', '2017-05-29 14:29:05'),
(409, 3, '5', 530, 220000, 220000, 0, 'kalia', '2017-05-29 14:29:34'),
(410, 4, '6', 531, 14000, 14000, 0, 'santosh', '2017-05-29 14:29:58'),
(411, 5, '4', 532, 470000, 470000, 0, 'ajaya', '2017-05-29 14:30:29'),
(412, 6, '10', 533, 470000, 470000, 0, 'puru', '2017-05-29 14:30:56'),
(413, 12, '23', 534, 210000, 210000, 0, 'harish', '2017-05-29 14:31:45'),
(414, 23, '931', 535, 40000, 40000, 0, 'Biswa Ranjan Patro', '2017-05-29 14:32:40'),
(415, 24, '831', 536, 110000, 110000, 0, 'Somya jena', '2017-05-29 14:33:18'),
(416, 25, '635', 537, 110000, 110000, 0, 'ranu', '2017-05-29 14:33:45'),
(417, 26, '555', 538, 130000, 130000, 0, 'bikash', '2017-05-29 14:34:26'),
(418, 27, '135', 539, 125000, 125000, 0, 'Rajan jena', '2017-05-29 14:34:51'),
(419, 28, '897', 540, 130000, 130000, 0, 'somya ranjan jena', '2017-05-29 14:35:27'),
(420, 29, '561', 541, 125000, 125000, 0, 'tulu patro', '2017-05-29 14:36:14'),
(421, 30, '888', 542, 130000, 130000, 0, 'tapan', '2017-05-29 14:36:41'),
(422, 31, '565', 543, 110000, 110000, 0, 'sagar', '2017-05-29 14:37:34'),
(423, 32, '777', 544, 190000, 190000, 0, 'kalu', '2017-05-29 14:38:06'),
(424, 33, '889', 545, 145000, 145000, 0, 'john', '2017-05-29 14:38:47'),
(425, 36, '632', 546, 110000, 110000, 0, 'sanatana', '2017-05-29 14:39:16'),
(426, 37, '220', 547, 480000, 380000, 100000, 'sankar', '2017-05-29 14:39:42'),
(427, 38, '225', 548, 210000, 210000, 0, 'pitabas', '2017-05-29 14:40:20'),
(428, 39, '443', 549, 210000, 210000, 0, 'Prince', '2017-05-29 14:40:48'),
(429, 40, '775', 550, 520000, 520000, 0, 'kunal', '2017-05-29 14:41:18'),
(430, 42, '441', 551, 120000, 120000, 0, 'pravas', '2017-05-29 14:42:06'),
(431, 43, '820', 552, 12000, 12000, 0, 'ajit', '2017-05-29 14:42:36'),
(432, 45, '661', 553, 200000, 200000, 0, 'badri narayan', '2017-05-29 14:43:13'),
(433, 46, '254', 554, 180000, 180000, 0, 'madhusudana', '2017-05-29 14:43:48'),
(434, 47, '436', 555, 130000, 130000, 0, 'nirajan', '2017-05-29 14:44:16'),
(435, 50, '432', 556, 130000, 130000, 0, 'purusotam', '2017-05-29 14:44:44'),
(436, 51, '221', 557, 220000, 220000, 0, 's samesh', '2017-05-29 14:45:15'),
(437, 52, '222', 558, 14000, 14000, 0, 'm soudajya ', '2017-05-29 14:45:57'),
(438, 54, '653', 559, 470000, 270000, 200000, 'pawan', '2017-05-29 14:46:23'),
(439, 57, '257', 560, 210000, 210000, 0, 'pritam', '2017-05-29 14:46:59'),
(440, 58, '987', 561, 40000, 40000, 0, 'kamasu', '2017-05-29 14:47:37'),
(441, 60, '920', 562, 110000, 110000, 0, 'B kamlesh', '2017-05-29 14:48:01'),
(442, 61, '963', 563, 110000, 110000, 0, 'suprime', '2017-05-29 14:48:28'),
(443, 62, '631', 564, 130000, 130000, 0, 'B sunil', '2017-05-29 14:49:18'),
(444, 63, '910', 565, 125000, 125000, 0, 'Akashya', '2017-05-29 14:49:46'),
(445, 65, '019', 566, 130000, 130000, 0, 'Sanjay', '2017-05-29 14:50:20'),
(446, 66, '091', 567, 125000, 125000, 0, 'Bitu', '2017-05-29 14:50:53'),
(447, 67, '801', 568, 130000, 130000, 0, 'titu', '2017-05-29 14:51:24'),
(448, 68, '108', 569, 110000, 110000, 0, 'Mitu', '2017-05-29 14:51:52'),
(449, 69, '018', 570, 190000, 190000, 0, 'silu', '2017-05-29 14:52:54'),
(450, 70, '081', 571, 145000, 145000, 0, 'Nilu', '2017-05-29 14:53:28'),
(451, 71, '701', 572, 110000, 110000, 0, 'Sisira', '2017-05-29 14:54:03'),
(452, 72, '107', 573, 480000, 480000, 0, 'Sukanta', '2017-05-29 14:54:50'),
(453, 73, '017', 574, 480000, 480000, 0, 'Sudhir', '2017-05-29 14:55:24'),
(454, 74, '071', 575, 210000, 210000, 0, 'Ashwani', '2017-05-29 14:56:10'),
(455, 75, '601', 576, 210000, 210000, 0, 'Buburu', '2017-05-29 14:56:59'),
(456, 76, '501', 577, 520000, 520000, 0, 'rajani', '2017-05-29 14:57:40'),
(457, 78, '010', 578, 120000, 120000, 0, 'bhagirathi', '2017-05-29 14:58:38'),
(458, 79, '001', 579, 12000, 12000, 0, 'tili', '2017-05-29 14:59:31'),
(459, 80, '100', 580, 200000, 200000, 0, 'prabhu', '2017-05-29 15:00:24'),
(460, 81, '123', 581, 180000, 180000, 0, 'biranchi', '2017-05-29 15:01:12'),
(461, 82, '321', 582, 130000, 130000, 0, 'sridhara', '2017-05-29 15:01:44'),
(462, 83, '213', 583, 220000, 220000, 0, 'k krushna', '2017-05-29 15:02:23'),
(463, 85, '258', 584, 14000, 14000, 0, 'B china ready', '2017-05-29 15:03:01'),
(464, 86, '147', 585, 470000, 470000, 0, 'prasanna', '2017-05-29 15:03:40'),
(465, 87, '369', 586, 210000, 210000, 0, 'Bhagabana', '2017-05-29 15:04:30'),
(466, 89, '98', 587, 40000, 40000, 0, 'B prasanna', '2017-05-29 15:05:16'),
(467, 90, '693', 588, 110000, 110000, 0, 'sonu', '2017-05-29 15:05:44'),
(468, 91, '456', 589, 110000, 110000, 0, 'Bijay', '2017-05-29 15:06:08'),
(469, 95, '027', 590, 130000, 130000, 0, 'monty', '2017-05-29 15:06:41'),
(470, 96, '207', 591, 125000, 125000, 0, 'bibhu', '2017-05-29 15:07:09'),
(471, 97, '702', 592, 130000, 130000, 0, 'jagannath', '2017-05-29 15:08:03'),
(472, 98, '072', 593, 125000, 125000, 0, 'balram', '2017-05-29 15:08:31'),
(473, 99, '089', 594, 130000, 130000, 0, 'pasuram', '2017-05-29 15:08:55'),
(474, 100, '908', 595, 110000, 110000, 0, 'banchanidhi', '2017-05-29 15:09:24'),
(475, 103, '003', 596, 190000, 190000, 0, 'JAYA', '2017-05-29 15:10:45'),
(476, 1, '1', 597, 145000, 145000, 0, 'Vicky', '2017-05-29 15:11:20'),
(477, 2, '3', 598, 110000, 110000, 0, 'debasis', '2017-05-29 15:12:19'),
(478, 3, '5', 599, 480000, 480000, 0, 'kalia', '2017-05-29 15:13:17'),
(479, 4, '6', 600, 210000, 210000, 0, 'santosh', '2017-05-29 15:13:45'),
(480, 5, '4', 601, 210000, 210000, 0, 'ajaya', '2017-05-29 15:14:17'),
(481, 6, '10', 602, 520000, 520000, 0, 'puru', '2017-05-29 15:15:18'),
(482, 12, '23', 603, 120000, 120000, 0, 'harish', '2017-05-29 15:16:01'),
(483, 23, '931', 604, 12000, 12000, 0, 'Biswa Ranjan Patro', '2017-05-29 15:16:25'),
(484, 24, '831', 605, 200000, 2000, 198000, 'Somya jena', '2017-05-29 15:16:50'),
(485, 25, '635', 606, 180000, 180000, 0, 'ranu', '2017-05-29 15:17:33'),
(486, 26, '555', 607, 130000, 130000, 0, 'bikash', '2017-05-29 15:18:16'),
(487, 27, '135', 608, 14000, 14000, 0, 'Rajan jena', '2017-05-29 15:18:44'),
(488, 28, '897', 609, 470000, 470000, 0, 'somya ranjan jena', '2017-05-29 15:19:10'),
(489, 29, '561', 610, 210000, 210000, 0, 'tulu patro', '2017-05-29 15:19:44'),
(490, 26, '555', 611, 40000, 40000, 0, 'bikash', '2017-05-29 15:20:15'),
(491, 30, '888', 612, 110000, 110000, 0, 'tapan', '2017-05-29 15:23:55'),
(492, 31, '565', 613, 110000, 110000, 0, 'sagar', '2017-05-29 15:24:48'),
(493, 32, '777', 614, 130000, 130000, 0, 'kalu', '2017-05-29 15:25:39'),
(494, 33, '889', 615, 125000, 125000, 0, 'john', '2017-05-29 15:26:39'),
(495, 36, '632', 616, 130000, 130000, 0, 'sanatana', '2017-05-29 15:27:22'),
(496, 37, '220', 617, 125000, 125000, 0, 'sankar', '2017-05-29 15:31:15'),
(497, 38, '225', 618, 130000, 130000, 0, 'pitabas', '2017-05-29 15:32:53'),
(498, 39, '443', 619, 110000, 110000, 0, 'Prince', '2017-05-29 15:34:32'),
(499, 40, '775', 620, 190000, 190000, 0, 'kunal', '2017-05-29 15:35:42'),
(500, 42, '441', 621, 145000, 145000, 0, 'pravas', '2017-05-29 15:36:15'),
(501, 43, '820', 622, 110000, 110000, 0, 'ajit', '2017-05-29 15:37:01'),
(502, 45, '661', 623, 480000, 480000, 0, 'badri narayan', '2017-05-29 15:37:39'),
(503, 46, '254', 624, 210000, 210000, 0, 'madhusudana', '2017-05-29 15:38:18'),
(504, 47, '436', 625, 210000, 210000, 0, 'nirajan', '2017-05-29 15:38:44'),
(505, 50, '432', 626, 520000, 520000, 0, 'purusotam', '2017-05-29 15:39:11'),
(506, 51, '221', 627, 120000, 120000, 0, 's samesh', '2017-05-29 15:39:50'),
(507, 52, '222', 628, 120000, 120000, 0, 'm soudajya ', '2017-05-29 15:40:19'),
(508, 54, '653', 629, 12000, 12000, 0, 'pawan', '2017-05-29 15:42:15'),
(509, 57, '257', 630, 200000, 200000, 0, 'pritam', '2017-05-29 15:43:01'),
(510, 58, '987', 631, 180000, 180000, 0, 'kamasu', '2017-05-29 15:43:33'),
(511, 60, '920', 632, 130000, 130000, 0, 'B kamlesh', '2017-05-29 15:44:55'),
(512, 60, '920', 633, 220000, 220000, 0, 'B kamlesh', '2017-05-29 15:45:27'),
(513, 61, '963', 634, 14000, 14000, 0, 'suprime', '2017-05-29 15:46:05'),
(514, 62, '631', 635, 470000, 470000, 0, 'B sunil', '2017-05-29 15:46:45'),
(515, 63, '910', 636, 210000, 210000, 0, 'Akashya', '2017-05-29 15:48:20'),
(516, 65, '019', 637, 40000, 40000, 0, 'Sanjay', '2017-05-29 15:49:01'),
(517, 66, '091', 638, 110000, 110000, 0, 'Bitu', '2017-05-29 15:49:45'),
(518, 67, '801', 639, 110000, 110000, 0, 'titu', '2017-05-29 15:50:23'),
(519, 68, '108', 640, 130000, 130000, 0, 'Mitu', '2017-05-29 15:50:48'),
(520, 69, '018', 641, 125000, 125000, 0, 'silu', '2017-05-29 15:51:19'),
(521, 70, '081', 642, 130000, 130000, 0, 'Nilu', '2017-05-29 15:52:33'),
(522, 71, '701', 643, 125000, 125000, 0, 'Sisira', '2017-05-29 15:53:12'),
(523, 72, '107', 644, 130000, 130000, 0, 'Sukanta', '2017-05-29 15:53:39'),
(524, 73, '017', 645, 130000, 130000, 0, 'Sudhir', '2017-05-29 15:54:19'),
(525, 74, '071', 646, 110000, 110000, 0, 'Ashwani', '2017-05-29 15:54:50'),
(526, 75, '601', 647, 110000, 110000, 0, 'Buburu', '2017-05-29 15:55:39'),
(527, 76, '501', 648, 190000, 190000, 0, 'rajani', '2017-05-29 15:56:44'),
(528, 78, '010', 649, 145000, 145000, 0, 'bhagirathi', '2017-05-29 15:57:37'),
(529, 79, '001', 650, 110000, 110000, 0, 'tili', '2017-05-29 15:58:32'),
(530, 80, '100', 651, 480000, 480000, 0, 'prabhu', '2017-05-29 15:59:11'),
(531, 81, '123', 652, 210000, 210000, 0, 'biranchi', '2017-05-29 15:59:47'),
(532, 82, '321', 653, 210000, 210000, 0, 'sridhara', '2017-05-29 16:00:29'),
(533, 83, '213', 654, 520000, 520000, 0, 'k krushna', '2017-05-29 16:01:03'),
(534, 85, '258', 655, 120000, 120000, 0, 'B china ready', '2017-05-29 16:02:07'),
(535, 86, '147', 656, 60000, 60000, 0, 'prasanna', '2017-05-29 16:02:42'),
(536, 86, '147', 657, 60000, 60000, 0, 'prasanna', '2017-05-29 16:02:42'),
(537, 87, '369', 658, 200000, 200000, 0, 'Bhagabana', '2017-05-29 16:04:16'),
(538, 89, '98', 659, 180000, 180000, 0, 'B prasanna', '2017-05-29 16:04:43'),
(539, 90, '693', 660, 130000, 130000, 0, 'sonu', '2017-05-29 16:05:13'),
(540, 91, '456', 661, 130000, 130000, 0, 'Bijay', '2017-05-29 16:05:38'),
(541, 95, '027', 662, 220000, 220000, 0, 'monty', '2017-05-29 16:06:05'),
(542, 96, '207', 663, 220000, 220000, 0, 'bibhu', '2017-05-29 16:07:00'),
(543, 97, '702', 664, 14000, 14000, 0, 'jagannath', '2017-05-29 16:07:31'),
(544, 98, '072', 665, 470000, 470000, 0, 'balram', '2017-05-29 16:07:55'),
(545, 99, '089', 666, 210000, 210000, 0, 'pasuram', '2017-05-29 16:08:21'),
(546, 100, '908', 667, 210000, 210000, 0, 'banchanidhi', '2017-05-29 16:08:46'),
(547, 103, '003', 668, 140000, 140000, 0, 'JAYA', '2017-05-29 16:09:11'),
(548, 1, '1', 670, 605000, 405000, 200000, 'Vicky', '2017-05-30 07:13:35'),
(549, 3, '5', 671, 700000, 700000, 0, 'kalia', '2017-05-30 07:20:30'),
(550, 4, '6', 672, 1530000, 630000, 900000, 'santosh', '2017-05-30 07:22:08'),
(551, 5, '4', 673, 642000, 642000, 0, 'ajaya', '2017-05-30 07:27:03'),
(552, 6, '10', 674, 954000, 954000, 0, 'puru', '2017-05-30 07:29:21'),
(553, 12, '23', 675, 605000, 605000, 0, 'harish', '2017-05-30 07:30:36'),
(554, 23, '931', 676, 700000, 700000, 0, 'Biswa Ranjan Patro', '2017-05-30 07:31:58'),
(555, 24, '831', 677, 1530000, 1530000, 0, 'Somya jena', '2017-05-30 07:33:03'),
(556, 25, '635', 678, 642000, 642000, 0, 'ranu', '2017-05-30 07:35:06'),
(557, 26, '555', 679, 954000, 954000, 0, 'bikash', '2017-05-30 07:37:08'),
(558, 27, '135', 680, 605000, 605000, 0, 'Rajan jena', '2017-05-30 07:38:17'),
(559, 28, '897', 681, 700000, 700000, 0, 'somya ranjan jena', '2017-05-30 07:39:38'),
(560, 28, '897', 682, 700000, 700000, 0, 'somya ranjan jena', '2017-05-30 07:39:38'),
(561, 29, '561', 683, 1530000, 1530000, 0, 'tulu patro', '2017-05-30 07:40:38'),
(562, 30, '888', 684, 642000, 642000, 0, 'tapan', '2017-05-30 07:42:17'),
(563, 31, '565', 685, 954000, 954000, 0, 'sagar', '2017-05-30 07:48:00'),
(564, 31, '565', 686, 954000, 954000, 0, 'sagar', '2017-05-30 07:48:00'),
(565, 32, '777', 687, 605000, 605000, 0, 'kalu', '2017-05-30 07:49:52'),
(566, 33, '889', 688, 130000, 130000, 0, 'john', '2017-05-30 07:50:55'),
(567, 36, '632', 689, 1220000, 1220000, 0, 'sanatana', '2017-05-30 07:52:22'),
(568, 37, '220', 690, 1032000, 1032000, 0, 'sankar', '2017-05-30 07:54:01'),
(569, 104, '143', 691, 680000, 680000, 0, 'LIPAN', '2017-05-30 07:59:42'),
(570, 38, '225', 692, 515000, 515000, 0, 'pitabas', '2017-05-30 09:11:22'),
(571, 39, '443', 693, 685000, 685000, 0, 'Prince', '2017-05-30 09:12:11'),
(572, 40, '775', 694, 1155000, 1155000, 0, 'kunal', '2017-05-30 09:13:10'),
(573, 40, '775', 695, 1032000, 1032000, 0, 'kunal', '2017-05-30 09:15:17'),
(574, 42, '441', 696, 1044000, 1044000, 0, 'pravas', '2017-05-30 09:17:20'),
(575, 43, '820', 697, 515000, 515000, 0, 'ajit', '2017-05-30 09:23:33'),
(576, 45, '661', 698, 685000, 685000, 0, 'badri narayan', '2017-05-30 09:25:34'),
(577, 46, '254', 699, 945000, 945000, 0, 'madhusudana', '2017-05-30 09:26:53'),
(578, 47, '436', 700, 1032000, 1032000, 0, 'nirajan', '2017-05-30 09:28:36'),
(579, 50, '432', 701, 1044000, 1044000, 0, 'purusotam', '2017-05-30 09:29:51'),
(580, 1, '1', 702, 515000, 515000, 0, 'Vicky', '2017-05-30 12:49:11'),
(581, 2, '3', 703, 685000, 685000, 0, 'debasis', '2017-05-30 12:50:26'),
(582, 3, '5', 704, 1155000, 1155000, 0, 'kalia', '2017-05-30 12:51:22'),
(583, 4, '6', 705, 1032000, 1032000, 0, 'santosh', '2017-05-30 12:53:13'),
(584, 5, '4', 706, 1044000, 1044000, 0, 'ajaya', '2017-05-30 12:54:44'),
(585, 6, '10', 707, 515000, 515000, 0, 'puru', '2017-05-30 12:55:57'),
(586, 12, '23', 708, 685000, 685000, 0, 'harish', '2017-05-30 12:57:05'),
(587, 23, '931', 709, 1155000, 1155000, 0, 'Biswa Ranjan Patro', '2017-05-30 12:57:52'),
(588, 24, '831', 710, 1032000, 1032000, 0, 'Somya jena', '2017-05-30 12:59:00'),
(589, 25, '635', 711, 1044000, 1044000, 0, 'ranu', '2017-05-30 13:00:23'),
(590, 26, '555', 712, 515000, 515000, 0, 'bikash', '2017-05-30 13:09:11'),
(591, 27, '135', 713, 685000, 685000, 0, 'Rajan jena', '2017-05-30 13:10:20'),
(592, 28, '897', 714, 1155000, 1155000, 0, 'somya ranjan jena', '2017-05-30 13:12:19'),
(593, 29, '561', 715, 1032000, 1032000, 0, 'tulu patro', '2017-05-30 13:13:20'),
(594, 30, '888', 716, 1044000, 1044000, 0, 'tapan', '2017-05-30 13:15:00'),
(595, 31, '565', 717, 515000, 515000, 0, 'sagar', '2017-05-30 13:17:05'),
(596, 32, '777', 718, 685000, 685000, 0, 'kalu', '2017-05-30 13:18:06'),
(597, 33, '889', 719, 1155000, 1155000, 0, 'john', '2017-05-30 13:19:55'),
(598, 36, '632', 720, 1032000, 1032000, 0, 'sanatana', '2017-05-30 13:21:24'),
(599, 37, '220', 721, 1044000, 1044000, 0, 'sankar', '2017-05-30 13:22:49'),
(600, 38, '225', 722, 515000, 515000, 0, 'pitabas', '2017-05-30 13:24:11'),
(601, 39, '443', 723, 685000, 685000, 0, 'Prince', '2017-05-30 13:25:03'),
(602, 40, '775', 724, 1155000, 1155000, 0, 'kunal', '2017-05-30 13:26:56'),
(603, 42, '441', 725, 1032000, 1032000, 0, 'pravas', '2017-05-30 13:28:45'),
(604, 43, '820', 726, 1044000, 1044000, 0, 'ajit', '2017-05-30 13:29:57'),
(605, 45, '661', 727, 515000, 515000, 0, 'badri narayan', '2017-05-30 13:31:06'),
(606, 46, '254', 728, 685000, 685000, 0, 'madhusudana', '2017-05-30 13:34:14'),
(607, 47, '436', 729, 1155000, 1155000, 0, 'nirajan', '2017-05-30 13:35:30'),
(608, 50, '432', 730, 1032000, 1032000, 0, 'purusotam', '2017-05-30 13:36:53'),
(609, 51, '221', 731, 1044000, 1044000, 0, 's samesh', '2017-05-30 13:38:22'),
(610, 52, '222', 732, 515000, 515000, 0, 'm soudajya ', '2017-05-30 13:39:37'),
(611, 54, '653', 733, 685000, 685000, 0, 'pawan', '2017-05-30 13:40:44'),
(612, 57, '257', 734, 1155000, 1155000, 0, 'pritam', '2017-05-30 13:41:58'),
(613, 58, '987', 735, 1032000, 1032000, 0, 'kamasu', '2017-05-30 13:44:32'),
(614, 60, '920', 736, 1044000, 1044000, 0, 'B kamlesh', '2017-05-30 13:46:12'),
(615, 61, '963', 737, 515000, 515000, 0, 'suprime', '2017-05-30 13:47:52'),
(616, 62, '631', 738, 685000, 685000, 0, 'B sunil', '2017-05-30 13:49:36'),
(617, 62, '631', 739, 1155000, 1155000, 0, 'B sunil', '2017-05-30 13:50:35'),
(618, 63, '910', 740, 1032000, 1032000, 0, 'Akashya', '2017-05-30 13:57:57'),
(619, 65, '019', 741, 1044000, 1044000, 0, 'Sanjay', '2017-05-30 13:59:50'),
(620, 65, '019', 742, 515000, 515000, 0, 'Sanjay', '2017-05-30 14:00:48'),
(621, 66, '091', 743, 685000, 685000, 0, 'Bitu', '2017-05-30 14:01:57'),
(622, 67, '801', 744, 1155000, 1155000, 0, 'titu', '2017-05-30 14:03:29'),
(623, 68, '108', 745, 1032000, 1032000, 0, 'Mitu', '2017-05-30 14:04:38'),
(624, 69, '018', 746, 1044000, 1044000, 0, 'silu', '2017-05-30 14:11:18'),
(625, 70, '081', 747, 515000, 515000, 0, 'Nilu', '2017-05-30 14:13:26'),
(626, 71, '701', 748, 685000, 685000, 0, 'Sisira', '2017-05-30 14:15:15'),
(627, 72, '107', 749, 1155000, 1155000, 0, 'Sukanta', '2017-05-30 14:16:12'),
(628, 73, '017', 750, 1062000, 1062000, 0, 'Sudhir', '2017-05-30 14:19:14'),
(629, 74, '071', 751, 1224000, 1224000, 0, 'Ashwani', '2017-05-30 14:20:42'),
(630, 75, '601', 752, 515000, 515000, 0, 'Buburu', '2017-05-30 14:22:00'),
(631, 76, '501', 753, 685000, 685000, 0, 'rajani', '2017-05-30 14:24:56'),
(632, 76, '501', 754, 1155000, 1155000, 0, 'rajani', '2017-05-30 14:26:13'),
(633, 78, '010', 755, 1032000, 1032000, 0, 'bhagirathi', '2017-05-30 14:31:40'),
(634, 79, '001', 756, 1044000, 1044000, 0, 'tili', '2017-05-30 14:39:53'),
(635, 80, '100', 757, 515000, 515000, 0, 'prabhu', '2017-05-30 14:41:24'),
(636, 81, '123', 758, 685000, 685000, 0, 'biranchi', '2017-05-30 14:43:54'),
(637, 82, '321', 759, 1155000, 1155000, 0, 'sridhara', '2017-05-30 14:44:56'),
(638, 83, '213', 760, 1032000, 1032000, 0, 'k krushna', '2017-05-30 14:47:22'),
(639, 85, '258', 761, 1044000, 1044000, 0, 'B china ready', '2017-05-30 14:54:00'),
(640, 86, '147', 762, 515000, 0, 515000, 'prasanna', '2017-05-30 15:00:33'),
(641, 87, '369', 763, 685000, 685000, 0, 'Bhagabana', '2017-05-30 15:02:44'),
(642, 89, '98', 764, 1155000, 1155000, 0, 'B prasanna', '2017-05-30 15:05:32'),
(643, 90, '693', 765, 1032000, 1032000, 0, 'sonu', '2017-05-30 15:12:20'),
(644, 91, '456', 766, 1044000, 1044000, 0, 'Bijay', '2017-05-30 15:19:22'),
(645, 95, '027', 767, 515000, 515000, 0, 'monty', '2017-05-30 15:22:26'),
(646, 96, '207', 768, 685000, 685000, 0, 'bibhu', '2017-05-30 15:23:47'),
(647, 97, '702', 769, 1155000, 1155000, 0, 'jagannath', '2017-05-30 15:24:32'),
(648, 98, '072', 770, 1032000, 1032000, 0, 'balram', '2017-05-30 15:25:16'),
(649, 99, '089', 771, 1044000, 1044000, 0, 'pasuram', '2017-05-30 15:26:42'),
(650, 100, '908', 772, 515000, 515000, 0, 'banchanidhi', '2017-05-30 15:27:41'),
(651, 103, '003', 773, 940000, 940000, 0, 'JAYA', '2017-05-30 15:30:20'),
(652, 104, '143', 774, 2284000, 0, 2284000, 'LIPAN', '2017-05-30 15:31:46'),
(653, 1, '1', 775, 2445, 200, 2245, 'Vicky', '2017-05-30 23:18:59');

--
-- Triggers `td_customer_balance_details`
--
DELIMITER $$
CREATE TRIGGER `update_customer_dues` AFTER INSERT ON `td_customer_balance_details` FOR EACH ROW update td_customer_balance set total_balance =(SELECT sum(due_amount) from td_customer_balance_details where customer_id=new.customer_id) where customer_id=new.customer_id
$$
DELIMITER ;

-- --------------------------------------------------------

--
-- Table structure for table `td_customer_details`
--

CREATE TABLE `td_customer_details` (
  `customer_id` bigint(20) NOT NULL,
  `godown_no` varchar(20) NOT NULL,
  `name` varchar(50) NOT NULL,
  `email` varchar(200) DEFAULT NULL,
  `address` varchar(400) DEFAULT NULL,
  `state` varchar(50) DEFAULT NULL,
  `city` varchar(50) DEFAULT NULL,
  `mobile` varchar(20) NOT NULL,
  `landline` varchar(20) DEFAULT NULL,
  `secondary_phone` varchar(20) DEFAULT NULL,
  `dob` date DEFAULT NULL
) ENGINE=InnoDB DEFAULT CHARSET=latin1;

--
-- Dumping data for table `td_customer_details`
--

INSERT INTO `td_customer_details` (`customer_id`, `godown_no`, `name`, `email`, `address`, `state`, `city`, `mobile`, `landline`, `secondary_phone`, `dob`) VALUES
(1, '1', 'Vicky', 'namadipta.patro@gmail.com', 'Tf314,passion Elite-2,electronic City', 'KA', 'Banglore', '9886275563', '', '', NULL),
(2, '3', 'debasis', '', 'berhampur', 'odisha', 'berhampur', '8457989944', '', '', NULL),
(3, '5', 'kalia', '', 'berhampur', 'odishs', 'berhampur', '7381686853', '', '', NULL),
(4, '6', 'santosh', '', 'at/po-dakhinpur', 'odisha', 'berhampur', '9439722363', '', '', NULL),
(5, '4', 'ajaya', '', 'gosaninuaga', 'odisha', 'berhampur', '9439723362', '', '', NULL),
(6, '10', 'puru', '', 'nahur nagar6th line', 'odisha', 'berhampur', '8457998844', '', '', NULL),
(12, '23', 'harish', '', 'gorakhpur', 'odisha', 'digapahandi', '8457888888', '', '', NULL),
(23, '931', 'Biswa Ranjan Patro', '', 'hanuman street ,purostoom pur', 'odisha', 'purostoom pur', '9861111111', '', '', NULL),
(24, '831', 'Somya jena', '', 'raja sahi ,berhampur', 'odisha', 'berhampur', '9861222222', '', '', NULL),
(25, '635', 'ranu', '', 'raghupati nagar', 'odisha', 'berhampur', '9861333333', '', '', NULL),
(26, '555', 'bikash', '', 'dakhin pur', 'odisha', 'berhampur', '9861444444', '', '', NULL),
(27, '135', 'Rajan jena', '', 'lanjia', 'odisha', 'berhampur', '9861555555', '', '', NULL),
(28, '897', 'somya ranjan jena', '', 'randha', 'odisha', 'golanthara', '9861666666', '', '', NULL),
(29, '561', 'tulu patro', '', 'randha', 'odisha', 'golanthara', '9861777777', '', '', NULL),
(30, '888', 'tapan', '', 'randha', 'odisha', 'berhapur', '9861111116', '', '', NULL),
(31, '565', 'sagar', '', 'randha', 'odisha', 'golanthara', '9861111113', '', '', NULL),
(32, '777', 'kalu', '', 'gandhinagar', 'odisha', 'berhampur', '9861111114', '', '', NULL),
(33, '889', 'john', '', 'bijipur', 'odisha', 'berhampur', '9861111115', '', '', NULL),
(36, '632', 'sanatana', '', 'randha', 'odisha', 'golanthara', '9861111119', '', '', NULL),
(37, '220', 'sankar', '', 'gosaninuaga', 'odisha', 'berhampur', '9861111110', '', '', NULL),
(38, '225', 'pitabas', '', 'bijipur', 'odisha', 'berhampu', '9861111121', '', '', NULL),
(39, '443', 'Prince', '', 'gandhinagar', 'odisha', 'berhampur', '9861111122', '', '', NULL),
(40, '775', 'kunal', '', 'bigbazzer', 'odisha', 'berhampur', '9861111123', '', '', NULL),
(42, '441', 'pravas', '', 'marthapata sahi', 'odisha', 'berhampur', '9861111124', '', '', NULL),
(43, '820', 'ajit', '', 'k.koroda kana', 'odisha', 'serogada', '9861111125', '', '', NULL),
(45, '661', 'badri narayan', '', 'randha', 'odisha', 'berhampur', '9861111126', '', '', NULL),
(46, '254', 'madhusudana', '', 'at/po - Dakhinpur', 'odisha', 'berhampur', '9861111127', '', '', NULL),
(47, '436', 'nirajan', '', 'randha', 'odisha', 'berhampur', '9861111128', '', '', NULL),
(50, '432', 'purusotam', '', 'randha', 'odisha', 'berhampur', '9861111129', '', '', NULL),
(51, '221', 's samesh', '', 'randha', 'odisha', 'berhampur', '9861111120', '', '', NULL),
(52, '222', 'm soudajya ', '', 'randha', 'odisha', 'berhamapur', '9861111131', '', '', NULL),
(54, '653', 'pawan', '', 'randha', 'odisha', 'berhampur', '9861111132', '', '', NULL),
(57, '257', 'pritam', '', 'randha', 'odisha', 'berhampur', '9861111135', '', '', NULL),
(58, '987', 'kamasu', '', 'balankaswar mandir chako,main road', 'odisha', 'berhampur', '9861111134', '', '', NULL),
(60, '920', 'B kamlesh', '', 'gengaosta', 'odisha', 'digapahandi', '9861111136', '', '', NULL),
(61, '963', 'suprime', '', 'balipoda', 'odisha', 'digapahandi', '9861111137', '', '', NULL),
(62, '631', 'B sunil', '', 'gokanapur', 'odisha', 'digapahandi', '9861111138', '', '', NULL),
(63, '910', 'Akashya', '', 'digapahandi, main road', 'odisha', 'digapahandi', '9861111139', '', '', NULL),
(65, '019', 'Sanjay', '', 'ankuli, main road', 'odisha', 'berhampur', '9861111130', '', '', NULL),
(66, '091', 'Bitu', '', 'kamapuli,mainroad', 'odisha', 'berhampur', '9861111141', '', '', NULL),
(67, '801', 'titu', '', 'gatebazzer', 'odisha', 'berhampur', '9861111142', '', '', NULL),
(68, '108', 'Mitu', '', 'subaraochaka mainroad', 'odisha', 'berhampur', '9861111143', '', '', NULL),
(69, '018', 'silu', '', 'Giriroad', 'odisha', 'berhampur', '9861111144', '', '', NULL),
(70, '081', 'Nilu', '', 'hadiapadaro', 'odisha', 'golanthara', '9861111145', '', '', NULL),
(71, '701', 'Sisira', '', 'Hatibandha sahi', 'odisha', 'berhampur', '9861111146', '', '', NULL),
(72, '107', 'Sukanta', '', 'Shriram Nagar', 'odisha', 'berhampur', '9861111147', '', '', NULL),
(73, '017', 'Sudhir', '', 'Taluka mainroad', 'odisha', 'berhampur', '9861111171', '', '', NULL),
(74, '071', 'Ashwani', '', 'Haridakhandi main road', 'odisha', 'Berhampur', '9861111149', '', '', NULL),
(75, '601', 'Buburu', '', 'gajapati nagar', 'odisha', 'berhampur', '9861111140', '', '', NULL),
(76, '501', 'rajani', '', 'old berhampur', 'odisha', 'berhampur', '9861111151', '', '', NULL),
(78, '010', 'bhagirathi', '', 'luchapada mainroad', 'odisha', 'berhampur', '9861111158', '', '', NULL),
(79, '001', 'tili', '', 'nimakhandi', 'odisha', 'berhampur', '9861111159', '', '', NULL),
(80, '100', 'prabhu', '', 'jagadalapur', 'odisha', 'berhampur', '9861111150', '', '', NULL),
(81, '123', 'biranchi', '', 'ratanapur', 'odisha', 'berhampur', '9861111161', '', '', NULL),
(82, '321', 'sridhara', '', 'daringbadi mainroad', 'odisha', 'daringbadi', '9861111162', '', '', NULL),
(83, '213', 'k krushna', '', 'ankusupuru', 'odisha', 'berhampr', '9861111163', '', '', NULL),
(85, '258', 'B china ready', '', 'balakrushnapur', 'odisha', 'berhampur', '9861111165', '', '', NULL),
(86, '147', 'prasanna', '', 'balakrushnapur', 'odisha', 'berhampur', '9861111166', '', '', NULL),
(87, '369', 'Bhagabana', '', 'kalua chaka', 'odisha', 'berhampur', '9861111167', '', '', NULL),
(89, '98', 'B prasanna', '', 'baghajhari', 'odisha', 'berhampur', '9861111168', '', '', NULL),
(90, '693', 'sonu', '', 'banthapuli mainroad', 'odisha', 'digapahandi', '9861111169', '', '', NULL),
(91, '456', 'Bijay', '', 'randha', 'odisha', 'golanthara', '9861111160', '', '', NULL),
(95, '027', 'monty', '', 'statebank chaka', 'odisha', 'berhampur', '9861111172', '', '', NULL),
(96, '207', 'bibhu', '', 'tatabank squre', 'odisha', 'berhampur', '9861111173', '', '', NULL),
(97, '702', 'jagannath', '', 'tatabank coloni', 'odisha', 'berhampur', '9861111174', '', '', NULL),
(98, '072', 'balram', '', 'engineraing chaka', 'odisha', 'berhampur', '9861111175', '', '', NULL),
(99, '089', 'pasuram', '', 'ambapua', 'odisha', 'berhampur', '9861111176', '', '', NULL),
(100, '908', 'banchanidhi', '', 'jagannathput mainroad', 'odisha', 'berhampur', '9861111177', '', '', NULL),
(103, '003', 'JAYA', '', 'DAKHINPUR BADASAHI', 'ODISHA', 'BERHAMPUR', '9861111198', '', '', NULL),
(104, '143', 'LIPAN', '', 'at/po-dakhinpur mainroad', 'odisha', 'berhampur', '9861111190', '', '', NULL);

--
-- Triggers `td_customer_details`
--
DELIMITER $$
CREATE TRIGGER `add customer` AFTER INSERT ON `td_customer_details` FOR EACH ROW INSERT
INTO
  td_customer_search(
    NAME,
    mobile,
    godown_no,
    customer_id
  )
VALUES(
  NEW.name,
  NEW.mobile,
  NEW.godown_no,
  NEW.customer_id
)
$$
DELIMITER ;

-- --------------------------------------------------------

--
-- Table structure for table `td_customer_search`
--

CREATE TABLE `td_customer_search` (
  `godown_no` varchar(20) NOT NULL,
  `customer_id` bigint(20) NOT NULL,
  `name` varchar(50) NOT NULL,
  `mobile` varchar(10) NOT NULL
) ENGINE=InnoDB DEFAULT CHARSET=latin1;

--
-- Dumping data for table `td_customer_search`
--

INSERT INTO `td_customer_search` (`godown_no`, `customer_id`, `name`, `mobile`) VALUES
('1', 1, 'Vicky', '9886275563'),
('3', 2, 'debasis', '8457989944'),
('5', 3, 'kalia', '7381686853'),
('6', 4, 'santosh', '9439722363'),
('4', 5, 'ajaya', '9439723362'),
('10', 6, 'puru', '8457998844'),
('23', 12, 'harish', '8457888888'),
('931', 23, 'Biswa Ranjan Patro', '9861111111'),
('831', 24, 'Somya jena', '9861222222'),
('635', 25, 'ranu', '9861333333'),
('555', 26, 'bikash', '9861444444'),
('135', 27, 'Rajan jena', '9861555555'),
('897', 28, 'somya ranjan jena', '9861666666'),
('561', 29, 'tulu patro', '9861777777'),
('888', 30, 'tapan', '9861111116'),
('565', 31, 'sagar', '9861111113'),
('777', 32, 'kalu', '9861111114'),
('889', 33, 'john', '9861111115'),
('632', 36, 'sanatana', '9861111119'),
('220', 37, 'sankar', '9861111110'),
('225', 38, 'pitabas', '9861111121'),
('443', 39, 'Prince', '9861111122'),
('775', 40, 'kunal', '9861111123'),
('441', 42, 'pravas', '9861111124'),
('820', 43, 'ajit', '9861111125'),
('661', 45, 'badri narayan', '9861111126'),
('254', 46, 'madhusudana', '9861111127'),
('436', 47, 'nirajan', '9861111128'),
('432', 50, 'purusotam', '9861111129'),
('221', 51, 's samesh', '9861111120'),
('222', 52, 'm soudajya ', '9861111131'),
('653', 54, 'pawan', '9861111132'),
('257', 57, 'pritam', '9861111135'),
('987', 58, 'kamasu', '9861111134'),
('920', 60, 'B kamlesh', '9861111136'),
('963', 61, 'suprime', '9861111137'),
('631', 62, 'B sunil', '9861111138'),
('910', 63, 'Akashya', '9861111139'),
('019', 65, 'Sanjay', '9861111130'),
('091', 66, 'Bitu', '9861111141'),
('801', 67, 'titu', '9861111142'),
('108', 68, 'Mitu', '9861111143'),
('018', 69, 'silu', '9861111144'),
('081', 70, 'Nilu', '9861111145'),
('701', 71, 'Sisira', '9861111146'),
('107', 72, 'Sukanta', '9861111147'),
('017', 73, 'Sudhir', '9861111171'),
('071', 74, 'Ashwani', '9861111149'),
('601', 75, 'Buburu', '9861111140'),
('501', 76, 'rajani', '9861111151'),
('010', 78, 'bhagirathi', '9861111158'),
('001', 79, 'tili', '9861111159'),
('100', 80, 'prabhu', '9861111150'),
('123', 81, 'biranchi', '9861111161'),
('321', 82, 'sridhara', '9861111162'),
('213', 83, 'k krushna', '9861111163'),
('258', 85, 'B china ready', '9861111165'),
('147', 86, 'prasanna', '9861111166'),
('369', 87, 'Bhagabana', '9861111167'),
('98', 89, 'B prasanna', '9861111168'),
('693', 90, 'sonu', '9861111169'),
('456', 91, 'Bijay', '9861111160'),
('027', 95, 'monty', '9861111172'),
('207', 96, 'bibhu', '9861111173'),
('702', 97, 'jagannath', '9861111174'),
('072', 98, 'balram', '9861111175'),
('089', 99, 'pasuram', '9861111176'),
('908', 100, 'banchanidhi', '9861111177'),
('003', 103, 'JAYA', '9861111198'),
('143', 104, 'LIPAN', '9861111190');

-- --------------------------------------------------------

--
-- Table structure for table `td_item_details_for_bill`
--

CREATE TABLE `td_item_details_for_bill` (
  `bill_item_details` bigint(20) NOT NULL,
  `bill_no` bigint(20) NOT NULL,
  `product_id` bigint(20) NOT NULL,
  `sell_price` double NOT NULL,
  `quantity` int(11) NOT NULL,
  `sell_vat` double NOT NULL
) ENGINE=InnoDB DEFAULT CHARSET=latin1;

--
-- Dumping data for table `td_item_details_for_bill`
--

INSERT INTO `td_item_details_for_bill` (`bill_item_details`, `bill_no`, `product_id`, `sell_price`, `quantity`, `sell_vat`) VALUES
(1, 1, 1, 40, 2, 0),
(2, 2, 1, 40, 23, 0),
(3, 3, 1, 40, 12, 0),
(4, 15, 1, 40, 11, 2),
(5, 16, 1, 40, 1, 2),
(6, 17, 1, 40, 6, 2),
(7, 18, 1, 40, 3, 2),
(8, 19, 1, 40, 2, 2),
(9, 20, 1, 40, 2, 2),
(10, 21, 1, 40, 2, 2),
(11, 23, 2, 55, 5, 5),
(12, 23, 1, 60, 5000, 2),
(13, 24, 2, 55, 5, 5),
(14, 25, 2, 110, 10, 5),
(15, 26, 1, 40, 30, 2),
(16, 27, 1, 40, 30, 2),
(17, 28, 3, 110, 100, 5),
(18, 28, 2, 110, 200, 5),
(19, 28, 1, 40, 100, 2),
(20, 29, 2, 110, 2, 5),
(21, 30, 1, 40, 100, 2),
(22, 32, 4, 130, 200, 5),
(23, 32, 1, 40, 300, 2),
(24, 32, 3, 110, 900, 5),
(25, 32, 2, 110, 88, 5),
(26, 33, 1, 40, 150, 2),
(27, 33, 2, 110, 100, 5),
(28, 33, 3, 110, 100, 5),
(29, 33, 4, 130, 100, 5),
(30, 34, 1, 40, 100, 2),
(31, 34, 2, 110, 100, 5),
(32, 34, 3, 110, 100, 5),
(33, 34, 4, 130, 100, 5),
(34, 35, 2, 110, 100, 5),
(35, 36, 5, 125, 650, 3),
(36, 36, 6, 130, 500, 2),
(37, 37, 7, 125, 500, 2),
(38, 37, 6, 130, 500, 2),
(39, 37, 5, 125, 350, 3),
(40, 38, 8, 130, 500, 3),
(41, 38, 7, 125, 500, 2),
(42, 38, 6, 130, 1000, 2),
(43, 39, 13, 145, 800, 3),
(44, 39, 12, 190, 750, 2),
(45, 39, 8, 130, 500, 3),
(46, 39, 6, 130, 1000, 2),
(47, 40, 13, 145, 1200, 3),
(48, 40, 2, 110, 350, 5),
(49, 40, 1, 40, 900, 2),
(50, 40, 11, 110, 1000, 2),
(51, 40, 7, 125, 560, 2),
(52, 41, 14, 110, 1000, 3),
(53, 42, 17, 210, 2000, 2),
(54, 42, 16, 210, 1000, 3),
(55, 42, 15, 480, 500, 2),
(56, 43, 17, 210, 1000, 2),
(57, 43, 14, 110, 2000, 3),
(58, 43, 15, 480, 500, 2),
(59, 43, 16, 210, 100, 3),
(60, 44, 1, 40, 1000, 2),
(61, 44, 2, 110, 6050, 5),
(62, 44, 5, 125, 1000, 3),
(63, 44, 12, 190, 925, 2),
(64, 45, 17, 210, 1000, 2),
(65, 45, 14, 110, 1000, 3),
(66, 45, 12, 190, 325, 2),
(67, 45, 9, 110, 1400, 5),
(68, 45, 4, 130, 600, 5),
(69, 46, 2, 110, 1000, 5),
(70, 46, 14, 110, 800, 3),
(71, 46, 12, 190, 1000, 2),
(72, 46, 17, 210, 1000, 2),
(73, 47, 18, 520, 500, 2),
(74, 47, 17, 210, 300, 2),
(75, 47, 9, 110, 100, 5),
(76, 48, 18, 520, 500, 2),
(77, 48, 17, 210, 700, 2),
(78, 48, 4, 130, 500, 5),
(79, 49, 19, 120, 350, 3),
(80, 49, 11, 110, 600, 2),
(81, 49, 4, 130, 500, 5),
(82, 50, 4, 130, 1000, 5),
(83, 50, 20, 12, 1000, 2),
(84, 50, 19, 120, 650, 3),
(85, 50, 14, 110, 200, 3),
(86, 51, 22, 180, 1000, 4),
(87, 51, 21, 200, 1000, 3),
(88, 51, 20, 12, 1000, 2),
(89, 51, 19, 120, 500, 3),
(90, 52, 4, 130, 1000, 5),
(91, 52, 21, 200, 1000, 3),
(92, 52, 22, 180, 1000, 4),
(93, 52, 19, 120, 500, 3),
(94, 52, 14, 110, 450, 3),
(95, 53, 3, 110, 800, 5),
(96, 53, 4, 130, 500, 5),
(97, 53, 22, 180, 1000, 4),
(98, 53, 21, 200, 500, 3),
(99, 53, 14, 110, 550, 3),
(100, 154, 1, 40, 2, 2),
(101, 155, 1, 40, 998, 2),
(102, 155, 2, 110, 500, 5),
(103, 155, 22, 180, 200, 4),
(104, 156, 19, 120, 100, 3),
(105, 156, 21, 200, 500, 3),
(106, 156, 24, 220, 500, 3),
(107, 156, 25, 14, 12, 2),
(108, 156, 3, 110, 500, 5),
(109, 157, 11, 110, 500, 2),
(110, 157, 15, 480, 100, 2),
(111, 157, 4, 130, 3000, 5),
(112, 157, 9, 110, 500, 5),
(113, 158, 11, 110, 500, 2),
(114, 158, 19, 120, 900, 3),
(115, 158, 20, 12, 1000, 2),
(116, 158, 22, 180, 800, 4),
(117, 158, 23, 130, 500, 2),
(118, 158, 24, 220, 500, 3),
(119, 158, 25, 14, 2000, 2),
(120, 158, 9, 110, 500, 5),
(121, 159, 15, 480, 900, 2),
(122, 159, 16, 210, 1000, 3),
(123, 159, 17, 210, 1000, 2),
(124, 159, 18, 520, 100, 2),
(125, 159, 9, 110, 1000, 5),
(126, 160, 11, 110, 1000, 2),
(127, 160, 12, 190, 600, 2),
(128, 160, 13, 145, 500, 3),
(129, 160, 14, 110, 1000, 3),
(130, 160, 9, 110, 1000, 5),
(131, 161, 4, 130, 1000, 5),
(132, 161, 5, 125, 1000, 3),
(133, 161, 6, 130, 1000, 2),
(134, 161, 7, 125, 500, 2),
(135, 161, 8, 130, 1000, 3),
(136, 161, 9, 110, 1000, 5),
(137, 162, 1, 40, 1000, 2),
(138, 162, 11, 110, 1000, 2),
(139, 162, 3, 110, 500, 5),
(140, 162, 4, 130, 1000, 5),
(141, 162, 9, 110, 1000, 5),
(142, 163, 1, 40, 1000, 2),
(143, 163, 4, 130, 1000, 5),
(144, 163, 6, 130, 500, 2),
(145, 163, 7, 125, 500, 2),
(146, 163, 9, 110, 1000, 5),
(147, 164, 11, 110, 1000, 2),
(148, 164, 14, 110, 1000, 3),
(149, 164, 19, 120, 500, 3),
(150, 164, 20, 12, 1000, 2),
(151, 164, 9, 110, 4000, 5),
(152, 165, 1, 40, 1000, 2),
(153, 165, 3, 110, 500, 5),
(154, 165, 4, 130, 1000, 5),
(155, 165, 5, 125, 1000, 3),
(156, 165, 6, 130, 500, 2),
(157, 165, 9, 110, 2000, 5),
(158, 166, 1, 40, 1000, 2),
(159, 166, 3, 110, 500, 5),
(160, 166, 5, 125, 1000, 3),
(161, 166, 6, 130, 1000, 2),
(162, 166, 9, 110, 1000, 5),
(163, 167, 1, 40, 1000, 2),
(164, 167, 3, 110, 1000, 5),
(165, 167, 4, 130, 1000, 5),
(166, 167, 5, 125, 1000, 3),
(167, 167, 9, 110, 2000, 5),
(168, 168, 20, 12, 5000, 2),
(169, 168, 21, 200, 500, 3),
(170, 168, 22, 180, 1000, 4),
(171, 168, 23, 130, 1000, 2),
(172, 168, 24, 220, 1000, 3),
(173, 168, 25, 14, 1000, 2),
(174, 169, 14, 110, 1000, 3),
(175, 169, 15, 480, 1000, 2),
(176, 169, 16, 210, 1000, 3),
(177, 169, 17, 210, 1000, 2),
(178, 169, 18, 520, 900, 2),
(179, 169, 19, 120, 500, 3),
(180, 169, 9, 110, 5000, 5),
(181, 170, 11, 110, 1000, 2),
(182, 170, 12, 190, 1400, 2),
(183, 170, 13, 145, 500, 3),
(184, 170, 8, 130, 1000, 3),
(185, 170, 9, 110, 2000, 5),
(186, 171, 3, 110, 1000, 5),
(187, 171, 4, 130, 1000, 5),
(188, 171, 5, 125, 1000, 3),
(189, 171, 6, 130, 1000, 2),
(190, 171, 7, 125, 1000, 2),
(191, 171, 9, 110, 5000, 5),
(192, 172, 1, 40, 2000, 2),
(193, 172, 12, 190, 1000, 2),
(194, 172, 4, 130, 1000, 5),
(195, 172, 9, 110, 3000, 5),
(196, 173, 10, 110, 5000, 5),
(197, 173, 24, 220, 1000, 3),
(198, 173, 25, 14, 1000, 2),
(199, 174, 1, 40, 2000, 2),
(200, 174, 10, 110, 5000, 5),
(201, 175, 10, 110, 5000, 5),
(202, 175, 12, 190, 1500, 2),
(203, 176, 1, 40, 2000, 2),
(204, 176, 10, 110, 5000, 5),
(205, 177, 10, 110, 500, 5),
(206, 177, 4, 130, 3000, 5),
(207, 178, 10, 110, 4500, 5),
(208, 178, 22, 180, 1000, 4),
(209, 179, 10, 110, 5000, 5),
(210, 179, 12, 190, 500, 2),
(211, 180, 2, 110, 500, 5),
(212, 180, 4, 130, 2000, 5),
(213, 181, 1, 40, 2000, 2),
(214, 181, 2, 110, 1000, 5),
(215, 181, 3, 110, 1000, 5),
(216, 181, 4, 130, 1000, 5),
(217, 181, 5, 125, 1000, 3),
(218, 182, 11, 110, 1000, 2),
(219, 182, 12, 190, 500, 2),
(220, 182, 6, 130, 100, 2),
(221, 182, 7, 125, 1000, 2),
(222, 182, 8, 130, 1000, 3),
(223, 183, 13, 145, 1000, 3),
(224, 183, 14, 110, 1000, 3),
(225, 183, 15, 480, 1000, 2),
(226, 183, 16, 210, 1000, 3),
(227, 183, 17, 210, 1000, 2),
(228, 184, 18, 520, 1000, 2),
(229, 184, 19, 120, 1000, 3),
(230, 184, 20, 12, 2000, 2),
(231, 184, 21, 200, 1000, 3),
(232, 184, 22, 180, 1000, 4),
(233, 185, 22, 180, 1000, 4),
(234, 185, 23, 130, 1000, 2),
(235, 185, 24, 220, 1000, 3),
(236, 185, 25, 14, 1000, 2),
(237, 186, 1, 40, 1000, 2),
(238, 186, 11, 110, 1000, 2),
(239, 186, 14, 110, 1000, 3),
(240, 186, 19, 120, 1000, 3),
(241, 186, 3, 110, 1000, 5),
(242, 187, 22, 180, 1000, 4),
(243, 187, 24, 220, 1000, 3),
(244, 187, 25, 14, 1000, 2),
(245, 188, 12, 190, 500, 2),
(246, 188, 2, 110, 1000, 5),
(247, 188, 25, 14, 1000, 2),
(248, 189, 1, 40, 1000, 2),
(249, 189, 2, 110, 1000, 5),
(250, 189, 3, 110, 1000, 5),
(251, 190, 22, 180, 1000, 4),
(252, 190, 24, 220, 1000, 3),
(253, 190, 25, 14, 1000, 2),
(254, 191, 14, 110, 1000, 3),
(255, 191, 17, 210, 1000, 2),
(256, 191, 19, 120, 1000, 3),
(257, 191, 21, 200, 1000, 3),
(258, 192, 12, 190, 1000, 2),
(259, 192, 20, 12, 1000, 2),
(260, 192, 24, 220, 1000, 3),
(261, 192, 25, 14, 1000, 2),
(262, 193, 11, 110, 1000, 2),
(263, 193, 2, 110, 1000, 5),
(264, 193, 3, 110, 1000, 5),
(265, 193, 4, 130, 1000, 5),
(266, 193, 5, 125, 1000, 3),
(267, 194, 1, 40, 1000, 2),
(268, 194, 2, 110, 1000, 5),
(269, 194, 20, 12, 2000, 2),
(270, 194, 3, 110, 1000, 5),
(271, 195, 11, 110, 1000, 2),
(272, 195, 12, 190, 1000, 2),
(273, 195, 13, 145, 1000, 3),
(274, 195, 14, 110, 1000, 3),
(275, 196, 1, 40, 1000, 2),
(276, 196, 2, 110, 1000, 5),
(277, 196, 3, 110, 1000, 5),
(278, 196, 4, 130, 1000, 5),
(279, 197, 22, 180, 1000, 4),
(280, 197, 23, 130, 1000, 2),
(281, 197, 24, 220, 1000, 3),
(282, 197, 25, 14, 1000, 2),
(283, 198, 2, 110, 1000, 5),
(284, 198, 3, 110, 1000, 5),
(285, 198, 4, 130, 1000, 5),
(286, 198, 5, 125, 1000, 3),
(287, 199, 20, 12, 1000, 2),
(288, 199, 21, 200, 1000, 3),
(289, 199, 22, 180, 1000, 4),
(290, 199, 25, 14, 1000, 2),
(291, 200, 1, 40, 1000, 2),
(292, 200, 19, 120, 1000, 3),
(293, 200, 2, 110, 1000, 5),
(294, 200, 3, 110, 1000, 5),
(295, 201, 11, 110, 1000, 2),
(296, 201, 12, 190, 1000, 2),
(297, 201, 14, 110, 1000, 3),
(298, 201, 17, 210, 1000, 2),
(299, 202, 1, 40, 1000, 2),
(300, 202, 19, 120, 2000, 3),
(301, 202, 2, 110, 1000, 5),
(302, 202, 21, 200, 1000, 3),
(303, 202, 4, 130, 1000, 5),
(304, 203, 1, 40, 1000, 2),
(305, 203, 2, 110, 1000, 5),
(306, 203, 3, 110, 1000, 5),
(307, 203, 4, 130, 1000, 5),
(308, 203, 5, 125, 1000, 3),
(309, 204, 1, 40, 10000, 2),
(310, 204, 16, 210, 1000, 3),
(311, 204, 19, 120, 1000, 3),
(312, 204, 22, 180, 1000, 4),
(313, 204, 23, 130, 1000, 2),
(314, 204, 24, 220, 1000, 3),
(315, 204, 25, 14, 1000, 2),
(316, 204, 26, 470, 1000, 2),
(317, 204, 6, 130, 1000, 2),
(318, 204, 8, 130, 1000, 3),
(319, 205, 1, 40, 10000, 2),
(320, 205, 2, 110, 2000, 5),
(321, 205, 3, 110, 1000, 5),
(322, 205, 4, 130, 2000, 5),
(323, 205, 5, 125, 1000, 3),
(324, 206, 26, 470, 1000, 2),
(325, 207, 1, 40, 10000, 2),
(326, 208, 2, 110, 1000, 5),
(327, 208, 3, 110, 1000, 5),
(328, 208, 4, 130, 1000, 5),
(329, 208, 5, 125, 1000, 3),
(330, 208, 6, 130, 1000, 2),
(331, 209, 22, 180, 1000, 4),
(332, 209, 23, 130, 1000, 2),
(333, 209, 24, 220, 1000, 3),
(334, 209, 25, 14, 1000, 2),
(335, 209, 26, 470, 500, 2),
(336, 210, 1, 40, 1000, 2),
(337, 210, 2, 110, 1000, 5),
(338, 210, 3, 110, 1000, 5),
(339, 210, 4, 130, 1000, 5),
(340, 210, 5, 125, 1000, 3),
(341, 211, 11, 110, 1000, 2),
(342, 211, 12, 190, 1000, 2),
(343, 211, 6, 130, 1000, 2),
(344, 211, 7, 125, 1000, 2),
(345, 211, 8, 130, 1000, 3),
(346, 212, 13, 145, 1000, 3),
(347, 212, 14, 110, 1000, 3),
(348, 212, 15, 480, 1000, 2),
(349, 212, 16, 210, 1000, 3),
(350, 212, 17, 210, 1000, 2),
(351, 213, 18, 520, 1000, 2),
(352, 213, 19, 120, 1000, 3),
(353, 213, 20, 12, 5000, 2),
(354, 213, 21, 200, 1000, 3),
(355, 213, 22, 180, 1000, 4),
(356, 214, 1, 40, 2000, 2),
(357, 214, 23, 130, 1000, 2),
(358, 214, 24, 220, 1000, 3),
(359, 214, 25, 14, 1000, 2),
(360, 214, 26, 470, 1000, 2),
(361, 215, 2, 110, 1000, 5),
(362, 215, 3, 110, 1000, 5),
(363, 215, 4, 130, 1000, 5),
(364, 215, 5, 125, 1000, 3),
(365, 215, 6, 130, 1000, 2),
(366, 216, 11, 110, 1000, 2),
(367, 216, 12, 190, 1000, 2),
(368, 216, 13, 145, 1000, 3),
(369, 216, 7, 125, 1000, 2),
(370, 216, 8, 130, 1000, 3),
(371, 217, 14, 110, 1000, 3),
(372, 217, 15, 480, 1000, 2),
(373, 217, 16, 210, 1000, 3),
(374, 217, 17, 210, 1000, 2),
(375, 217, 18, 520, 1000, 2),
(376, 218, 19, 120, 1000, 3),
(377, 218, 20, 12, 5000, 2),
(378, 218, 21, 200, 1000, 3),
(379, 218, 22, 180, 1000, 4),
(380, 218, 23, 130, 1000, 2),
(381, 219, 1, 40, 2000, 2),
(382, 219, 2, 110, 1000, 5),
(383, 219, 24, 220, 1000, 3),
(384, 219, 25, 14, 1000, 2),
(385, 219, 26, 470, 1000, 2),
(386, 220, 3, 110, 1000, 5),
(387, 220, 4, 130, 1000, 5),
(388, 220, 5, 125, 1000, 3),
(389, 220, 6, 130, 1000, 2),
(390, 220, 7, 125, 1000, 2),
(391, 221, 11, 110, 1000, 2),
(392, 221, 12, 190, 1000, 2),
(393, 221, 13, 145, 1000, 3),
(394, 221, 14, 110, 1000, 3),
(395, 221, 8, 130, 1000, 3),
(396, 222, 15, 480, 1000, 2),
(397, 222, 16, 210, 1000, 3),
(398, 222, 17, 210, 2000, 2),
(399, 222, 18, 520, 1000, 2),
(400, 223, 19, 120, 1000, 3),
(401, 223, 20, 12, 5000, 2),
(402, 223, 21, 200, 1000, 3),
(403, 223, 22, 180, 1000, 4),
(404, 223, 23, 130, 1000, 2),
(405, 224, 1, 40, 1000, 2),
(406, 224, 2, 110, 1000, 5),
(407, 224, 25, 14, 1000, 2),
(408, 224, 26, 470, 1000, 2),
(409, 224, 3, 110, 1000, 5),
(410, 225, 4, 130, 1000, 5),
(411, 225, 5, 125, 1000, 3),
(412, 225, 6, 130, 1000, 2),
(413, 225, 7, 125, 1000, 2),
(414, 225, 8, 130, 1000, 3),
(415, 226, 11, 110, 1000, 2),
(416, 226, 12, 190, 1000, 2),
(417, 226, 13, 145, 1000, 3),
(418, 226, 14, 110, 1000, 3),
(419, 226, 15, 480, 1000, 2),
(420, 227, 16, 210, 1000, 3),
(421, 227, 17, 210, 1000, 2),
(422, 227, 18, 520, 1000, 2),
(423, 227, 19, 120, 1000, 3),
(424, 227, 20, 12, 1000, 2),
(425, 228, 21, 200, 1000, 3),
(426, 228, 22, 180, 1000, 4),
(427, 228, 23, 130, 1000, 2),
(428, 228, 24, 220, 1000, 3),
(429, 228, 25, 14, 1000, 2),
(430, 230, 1, 40, 4000, 2),
(431, 230, 2, 110, 1000, 5),
(432, 230, 3, 110, 1000, 5),
(433, 230, 4, 130, 1000, 5),
(434, 230, 5, 125, 1000, 3),
(435, 231, 11, 110, 1000, 2),
(436, 231, 12, 190, 1000, 2),
(437, 231, 6, 130, 1000, 2),
(438, 231, 7, 125, 1000, 2),
(439, 231, 8, 130, 1000, 3),
(440, 232, 13, 145, 1000, 3),
(441, 232, 14, 110, 1000, 3),
(442, 232, 15, 480, 1000, 2),
(443, 232, 16, 210, 1000, 3),
(444, 232, 17, 210, 1000, 2),
(445, 233, 18, 520, 1000, 2),
(446, 233, 19, 120, 1000, 3),
(447, 233, 20, 12, 4000, 2),
(448, 233, 21, 200, 1000, 3),
(449, 233, 22, 180, 1000, 4),
(450, 234, 1, 40, 1000, 2),
(451, 234, 23, 130, 1000, 2),
(452, 234, 24, 220, 1000, 3),
(453, 234, 25, 14, 1000, 2),
(454, 234, 26, 470, 500, 2),
(455, 235, 2, 110, 1000, 5),
(456, 235, 3, 110, 1000, 5),
(457, 235, 4, 130, 1000, 5),
(458, 235, 5, 125, 1000, 3),
(459, 235, 6, 130, 1000, 2),
(460, 236, 11, 110, 1000, 2),
(461, 236, 12, 190, 1000, 2),
(462, 236, 13, 145, 1000, 3),
(463, 236, 7, 125, 1000, 2),
(464, 236, 8, 130, 1000, 3),
(465, 237, 14, 110, 1000, 3),
(466, 237, 15, 480, 1000, 2),
(467, 237, 16, 210, 1000, 3),
(468, 237, 17, 210, 1000, 2),
(469, 237, 18, 520, 1000, 2),
(470, 238, 19, 120, 1000, 3),
(471, 238, 20, 12, 1000, 2),
(472, 238, 21, 200, 1000, 3),
(473, 238, 22, 180, 1000, 4),
(474, 238, 23, 130, 1000, 2),
(475, 239, 1, 40, 1000, 2),
(476, 239, 2, 110, 1000, 5),
(477, 239, 24, 220, 1000, 3),
(478, 239, 25, 14, 1000, 2),
(479, 239, 26, 470, 1000, 2),
(480, 240, 3, 110, 1000, 5),
(481, 240, 4, 130, 1000, 5),
(482, 240, 5, 125, 1000, 3),
(483, 240, 6, 130, 1000, 2),
(484, 240, 7, 125, 1000, 2),
(485, 241, 11, 110, 1000, 2),
(486, 241, 12, 190, 1000, 2),
(487, 241, 13, 145, 1000, 3),
(488, 241, 14, 110, 1000, 3),
(489, 241, 8, 130, 1000, 3),
(490, 242, 15, 480, 1000, 2),
(491, 242, 16, 210, 1000, 3),
(492, 242, 17, 210, 1000, 2),
(493, 242, 18, 520, 1000, 2),
(494, 242, 19, 120, 1000, 3),
(495, 243, 20, 12, 1000, 2),
(496, 243, 21, 200, 1000, 3),
(497, 243, 22, 180, 1000, 4),
(498, 243, 23, 130, 1000, 2),
(499, 243, 24, 220, 1000, 3),
(500, 244, 1, 40, 1000, 2),
(501, 244, 2, 110, 1000, 5),
(502, 244, 25, 14, 1000, 2),
(503, 244, 26, 470, 1000, 2),
(504, 244, 3, 110, 1000, 5),
(505, 245, 4, 130, 1000, 5),
(506, 245, 5, 125, 1000, 3),
(507, 245, 6, 130, 1000, 2),
(508, 245, 7, 125, 1000, 2),
(509, 245, 8, 130, 1000, 3),
(510, 246, 11, 110, 1000, 2),
(511, 246, 12, 190, 1000, 2),
(512, 246, 13, 145, 1000, 3),
(513, 246, 14, 110, 2000, 3),
(514, 247, 15, 480, 1000, 2),
(515, 247, 16, 210, 1000, 3),
(516, 247, 17, 210, 1000, 2),
(517, 247, 18, 520, 1000, 2),
(518, 247, 19, 120, 1000, 3),
(519, 248, 20, 12, 1000, 2),
(520, 248, 21, 200, 1000, 3),
(521, 248, 22, 180, 1000, 4),
(522, 248, 23, 130, 1000, 2),
(523, 248, 24, 220, 1000, 3),
(524, 249, 1, 40, 1000, 2),
(525, 249, 2, 110, 1000, 5),
(526, 249, 25, 14, 1000, 2),
(527, 249, 26, 470, 1000, 2),
(528, 249, 3, 110, 1000, 5),
(529, 250, 4, 130, 1000, 5),
(530, 250, 5, 125, 1000, 3),
(531, 250, 6, 130, 1000, 2),
(532, 250, 7, 125, 1000, 2),
(533, 250, 8, 130, 1000, 3),
(534, 251, 11, 110, 1000, 2),
(535, 251, 12, 190, 1000, 2),
(536, 251, 13, 145, 1000, 3),
(537, 251, 14, 110, 1000, 3),
(538, 251, 15, 480, 1000, 2),
(539, 252, 16, 210, 1000, 3),
(540, 252, 17, 210, 1000, 2),
(541, 252, 18, 520, 1000, 2),
(542, 252, 19, 120, 1000, 3),
(543, 252, 20, 12, 1000, 2),
(544, 253, 21, 200, 1000, 3),
(545, 253, 22, 180, 1000, 4),
(546, 253, 23, 130, 1000, 2),
(547, 253, 24, 220, 1000, 3),
(548, 253, 25, 14, 1000, 2),
(549, 254, 1, 40, 1000, 2),
(550, 254, 2, 110, 1000, 5),
(551, 254, 26, 470, 1000, 2),
(552, 254, 3, 110, 1000, 5),
(553, 254, 4, 130, 1000, 5),
(554, 255, 11, 110, 1000, 2),
(555, 255, 5, 125, 1000, 3),
(556, 255, 6, 130, 1000, 2),
(557, 255, 7, 125, 1000, 2),
(558, 255, 8, 130, 1000, 3),
(559, 256, 11, 110, 1000, 2),
(560, 256, 12, 190, 1000, 2),
(561, 256, 13, 145, 1000, 3),
(562, 256, 14, 110, 1000, 3),
(563, 256, 15, 480, 1000, 2),
(564, 257, 16, 210, 1000, 3),
(565, 257, 17, 210, 1000, 2),
(566, 257, 18, 520, 1000, 2),
(567, 257, 19, 120, 1000, 3),
(568, 257, 20, 12, 1000, 2),
(569, 258, 21, 200, 1000, 3),
(570, 258, 22, 180, 1000, 4),
(571, 258, 23, 130, 1000, 2),
(572, 258, 24, 220, 1000, 3),
(573, 258, 25, 14, 1000, 2),
(574, 259, 1, 40, 1000, 2),
(575, 259, 2, 110, 1000, 5),
(576, 259, 26, 470, 1000, 2),
(577, 259, 3, 110, 1000, 5),
(578, 259, 4, 130, 1000, 5),
(579, 260, 11, 110, 1000, 2),
(580, 260, 5, 125, 1000, 3),
(581, 260, 6, 130, 1000, 2),
(582, 260, 7, 125, 1000, 2),
(583, 260, 8, 130, 1000, 3),
(584, 261, 12, 190, 1000, 2),
(585, 261, 13, 145, 1000, 3),
(586, 261, 14, 110, 1000, 3),
(587, 261, 15, 480, 1000, 2),
(588, 261, 16, 210, 1000, 3),
(589, 262, 17, 210, 1000, 2),
(590, 262, 18, 520, 1000, 2),
(591, 262, 19, 120, 1000, 3),
(592, 262, 20, 12, 1000, 2),
(593, 262, 21, 200, 1000, 3),
(594, 263, 22, 180, 1000, 4),
(595, 263, 23, 130, 1000, 2),
(596, 263, 24, 220, 1000, 3),
(597, 263, 25, 14, 1000, 2),
(598, 263, 26, 470, 1000, 2),
(599, 264, 22, 180, 1000, 4),
(600, 264, 23, 130, 1000, 2),
(601, 264, 24, 220, 1000, 3),
(602, 264, 25, 14, 1000, 2),
(603, 264, 26, 470, 1000, 2),
(604, 265, 17, 210, 1000, 2),
(605, 265, 18, 520, 1000, 2),
(606, 265, 19, 120, 1000, 3),
(607, 265, 20, 12, 1000, 2),
(608, 265, 21, 200, 1000, 3),
(609, 266, 12, 190, 1000, 2),
(610, 266, 13, 145, 1000, 3),
(611, 266, 14, 110, 1000, 3),
(612, 266, 15, 480, 1000, 2),
(613, 266, 16, 210, 1000, 3),
(614, 267, 11, 110, 1000, 2),
(615, 267, 5, 125, 1000, 3),
(616, 267, 6, 130, 1000, 2),
(617, 267, 7, 125, 1000, 2),
(618, 267, 8, 130, 1000, 3),
(619, 268, 1, 40, 1000, 2),
(620, 268, 2, 110, 1000, 5),
(621, 268, 26, 470, 1000, 2),
(622, 268, 3, 110, 1000, 5),
(623, 268, 4, 130, 1000, 5),
(624, 269, 21, 200, 1000, 3),
(625, 269, 22, 180, 1000, 4),
(626, 269, 23, 130, 1000, 2),
(627, 269, 24, 220, 1000, 3),
(628, 269, 25, 14, 1000, 2),
(629, 270, 26, 470, 1000, 2),
(630, 271, 24, 220, 1000, 3),
(631, 272, 21, 200, 1000, 3),
(632, 273, 8, 130, 1000, 3),
(633, 274, 1, 40, 3000, 2),
(634, 275, 20, 12, 1000, 2),
(635, 276, 2, 110, 1000, 5),
(636, 277, 4, 130, 1000, 5),
(637, 278, 7, 125, 1000, 2),
(638, 279, 26, 470, 1000, 2),
(639, 280, 24, 220, 1000, 3),
(640, 281, 15, 480, 1000, 2),
(641, 282, 22, 180, 1000, 4),
(642, 283, 23, 130, 1000, 2),
(643, 284, 7, 125, 1000, 2),
(644, 285, 19, 120, 1000, 3),
(645, 286, 24, 220, 1000, 3),
(646, 287, 15, 480, 1000, 2),
(647, 288, 12, 190, 1000, 2),
(648, 289, 18, 520, 1000, 2),
(649, 290, 18, 520, 1000, 2),
(650, 291, 21, 200, 1000, 3),
(651, 292, 20, 12, 1000, 2),
(652, 293, 20, 12, 1000, 2),
(653, 294, 1, 40, 1000, 2),
(654, 294, 2, 110, 1000, 5),
(655, 294, 3, 110, 1000, 5),
(656, 294, 4, 130, 1000, 5),
(657, 294, 5, 125, 1000, 3),
(658, 295, 11, 110, 1000, 2),
(659, 295, 12, 190, 1000, 2),
(660, 295, 6, 130, 1000, 2),
(661, 295, 7, 125, 1000, 2),
(662, 295, 8, 130, 1000, 3),
(663, 296, 13, 145, 1000, 3),
(664, 296, 14, 110, 1000, 3),
(665, 296, 15, 480, 1000, 2),
(666, 296, 16, 210, 1000, 3),
(667, 296, 17, 210, 1000, 2),
(668, 297, 18, 520, 1000, 2),
(669, 297, 19, 120, 1000, 3),
(670, 297, 20, 12, 1000, 2),
(671, 297, 21, 200, 1000, 3),
(672, 297, 22, 180, 1000, 4),
(673, 298, 23, 130, 1000, 2),
(674, 298, 24, 220, 1000, 3),
(675, 298, 25, 14, 1000, 2),
(676, 298, 26, 470, 1000, 2),
(677, 299, 22, 180, 1000, 4),
(678, 299, 23, 130, 1000, 2),
(679, 299, 24, 220, 1000, 3),
(680, 299, 25, 14, 1000, 2),
(681, 299, 26, 470, 1000, 2),
(682, 300, 17, 210, 1000, 2),
(683, 300, 18, 520, 1000, 2),
(684, 300, 19, 120, 1000, 3),
(685, 300, 20, 12, 1000, 2),
(686, 300, 21, 200, 1000, 3),
(687, 301, 12, 190, 1000, 2),
(688, 301, 13, 145, 1000, 3),
(689, 301, 14, 110, 1000, 3),
(690, 301, 15, 480, 1000, 2),
(691, 301, 16, 210, 1000, 3),
(692, 302, 11, 110, 1000, 2),
(693, 302, 5, 125, 1000, 3),
(694, 302, 6, 130, 1000, 2),
(695, 302, 7, 125, 1000, 2),
(696, 302, 8, 130, 1000, 3),
(697, 303, 1, 40, 1000, 2),
(698, 303, 2, 110, 1000, 5),
(699, 303, 3, 110, 1000, 5),
(700, 303, 4, 130, 1000, 5),
(701, 304, 1, 40, 1000, 2),
(702, 304, 2, 110, 1000, 5),
(703, 304, 3, 110, 1000, 5),
(704, 304, 4, 130, 1000, 5),
(705, 304, 5, 125, 1000, 3),
(706, 305, 11, 110, 1000, 2),
(707, 305, 12, 190, 1000, 2),
(708, 305, 6, 130, 1000, 2),
(709, 305, 7, 125, 1000, 2),
(710, 305, 8, 130, 1000, 3),
(711, 306, 13, 145, 1000, 3),
(712, 306, 14, 110, 1000, 3),
(713, 306, 15, 480, 1000, 2),
(714, 306, 16, 210, 1000, 3),
(715, 306, 17, 210, 1000, 2),
(716, 307, 18, 520, 1000, 2),
(717, 307, 19, 120, 1000, 3),
(718, 307, 20, 12, 1000, 2),
(719, 307, 21, 200, 2000, 3),
(720, 308, 23, 130, 1000, 2),
(721, 308, 24, 220, 1000, 3),
(722, 308, 25, 14, 1000, 2),
(723, 308, 26, 470, 1000, 2),
(724, 308, 27, 210, 1000, 10.5),
(725, 309, 15, 480, 1000, 2),
(726, 310, 7, 125, 1000, 2),
(727, 311, 3, 110, 1000, 5),
(728, 312, 1, 40, 7000, 2),
(729, 313, 2, 110, 1000, 5),
(730, 314, 4, 130, 1000, 5),
(731, 315, 6, 130, 1000, 2),
(732, 316, 7, 125, 1000, 2),
(733, 317, 8, 130, 1000, 3),
(734, 318, 11, 110, 1000, 2),
(735, 319, 11, 110, 1000, 2),
(736, 320, 11, 110, 1000, 2),
(737, 321, 12, 190, 1000, 2),
(738, 322, 14, 110, 1000, 3),
(739, 323, 15, 480, 1000, 2),
(740, 324, 16, 210, 1000, 3),
(741, 325, 17, 210, 1000, 2),
(742, 326, 18, 520, 1000, 2),
(743, 327, 19, 120, 1000, 3),
(744, 328, 20, 12, 4000, 2),
(745, 329, 21, 200, 1000, 3),
(746, 330, 22, 180, 1000, 4),
(747, 331, 23, 130, 1000, 2),
(748, 332, 23, 130, 1000, 2),
(749, 333, 24, 220, 1000, 3),
(750, 334, 25, 14, 1000, 2),
(751, 335, 26, 470, 1000, 2),
(752, 336, 27, 210, 1000, 10.5),
(753, 337, 1, 40, 1000, 2),
(754, 338, 2, 110, 1000, 5),
(755, 339, 3, 110, 1000, 5),
(756, 340, 4, 130, 1000, 5),
(757, 341, 5, 125, 1000, 3),
(758, 342, 6, 130, 1000, 2),
(759, 343, 7, 125, 1000, 2),
(760, 344, 8, 130, 1000, 3),
(761, 345, 11, 110, 1000, 2),
(762, 346, 12, 190, 1000, 2),
(763, 347, 13, 145, 1000, 3),
(764, 348, 14, 110, 1000, 3),
(765, 349, 15, 480, 1000, 2),
(766, 350, 16, 210, 1000, 3),
(767, 351, 17, 210, 1000, 2),
(768, 352, 18, 520, 1000, 2),
(769, 353, 19, 120, 1000, 3),
(770, 354, 19, 120, 1000, 3),
(771, 355, 20, 12, 1000, 2),
(772, 356, 21, 200, 1000, 3),
(773, 357, 22, 180, 1000, 4),
(774, 358, 23, 130, 1000, 2),
(775, 359, 23, 130, 1000, 2),
(776, 360, 24, 220, 1000, 3),
(777, 361, 25, 14, 10000, 2),
(778, 362, 26, 470, 1000, 2),
(779, 363, 27, 210, 1000, 10.5),
(780, 364, 1, 40, 1000, 2),
(781, 365, 2, 110, 1000, 5),
(782, 366, 3, 110, 1000, 5),
(783, 367, 4, 130, 1000, 5),
(784, 368, 5, 125, 1000, 3),
(785, 369, 6, 130, 1000, 2),
(786, 370, 7, 125, 1000, 2),
(787, 371, 8, 130, 1000, 3),
(788, 372, 11, 110, 1000, 2),
(789, 373, 12, 190, 1000, 2),
(790, 374, 12, 190, 1000, 2),
(791, 375, 13, 145, 1000, 3),
(792, 376, 14, 110, 1000, 3),
(793, 377, 15, 480, 1000, 2),
(794, 378, 16, 210, 1000, 3),
(795, 379, 17, 210, 1000, 2),
(796, 380, 18, 520, 1000, 2),
(797, 381, 19, 120, 1000, 3),
(798, 382, 1, 40, 1000, 2),
(799, 383, 2, 110, 6, 5),
(800, 383, 4, 130, 6, 5),
(801, 385, 1, 40, 1000, 2),
(802, 386, 2, 110, 994, 5),
(803, 387, 3, 110, 1000, 5),
(804, 388, 4, 130, 994, 5),
(805, 389, 5, 125, 1000, 3),
(806, 390, 6, 130, 1000, 2),
(807, 391, 7, 125, 1000, 2),
(808, 392, 8, 130, 1000, 3),
(809, 393, 11, 110, 1000, 2),
(810, 394, 12, 190, 1000, 2),
(811, 395, 13, 145, 1000, 3),
(812, 396, 14, 110, 1000, 3),
(813, 397, 15, 480, 1000, 2),
(814, 398, 16, 210, 1000, 3),
(815, 399, 17, 210, 1000, 2),
(816, 400, 18, 520, 1000, 2),
(817, 401, 18, 520, 1000, 2),
(818, 402, 19, 120, 1000, 3),
(819, 403, 20, 12, 1000, 2),
(820, 404, 21, 200, 1000, 3),
(821, 405, 22, 180, 1000, 4),
(822, 406, 23, 130, 1000, 2),
(823, 407, 24, 220, 1000, 3),
(824, 408, 25, 14, 1000, 2),
(825, 409, 26, 470, 1000, 2),
(826, 410, 27, 210, 1000, 10.5),
(827, 411, 1, 40, 1000, 2),
(828, 412, 2, 110, 1000, 5),
(829, 413, 3, 110, 1000, 5),
(830, 414, 4, 130, 1000, 5),
(831, 415, 5, 125, 1000, 3),
(832, 416, 6, 130, 1000, 2),
(833, 417, 7, 125, 1000, 2),
(834, 418, 8, 130, 1000, 3),
(835, 419, 11, 110, 1000, 2),
(836, 420, 12, 190, 1000, 2),
(837, 421, 13, 145, 1000, 3),
(838, 422, 14, 110, 1000, 3),
(839, 423, 15, 480, 1000, 2),
(840, 424, 16, 210, 1000, 3),
(841, 425, 17, 210, 1000, 2),
(842, 426, 18, 520, 1000, 2),
(843, 427, 19, 120, 1000, 3),
(844, 428, 20, 12, 1000, 2),
(845, 429, 21, 200, 1000, 3),
(846, 430, 22, 180, 1000, 4),
(847, 431, 23, 130, 1000, 2),
(848, 432, 24, 220, 1000, 3),
(849, 433, 25, 14, 1000, 2),
(850, 434, 26, 470, 1000, 2),
(851, 435, 27, 210, 1000, 10.5),
(852, 436, 1, 40, 1000, 2),
(853, 437, 2, 110, 1000, 5),
(854, 438, 2, 110, 1000, 5),
(855, 439, 3, 110, 1000, 5),
(856, 440, 4, 130, 1000, 5),
(857, 441, 5, 125, 1000, 3),
(858, 442, 6, 130, 1000, 2),
(859, 443, 6, 130, 1000, 2),
(860, 444, 7, 125, 1000, 2),
(861, 445, 3, 110, 2, 5),
(862, 446, 2, 110, 3, 5),
(863, 447, 4, 130, 2, 5),
(864, 448, 2, 110, 2, 5),
(865, 449, 3, 110, 2, 5),
(866, 450, 3, 110, 5, 5),
(867, 452, 1, 40, 1000, 2),
(868, 453, 2, 110, 1000, 5),
(869, 454, 1, 40, 1000, 2),
(870, 455, 2, 110, 995, 5),
(871, 456, 3, 110, 991, 5),
(872, 457, 3, 110, 1000, 5),
(873, 458, 4, 130, 998, 5),
(874, 459, 5, 125, 1000, 3),
(875, 460, 6, 130, 1000, 2),
(876, 461, 7, 125, 1000, 2),
(877, 462, 8, 130, 1000, 3),
(878, 463, 8, 130, 1000, 3),
(879, 464, 11, 110, 1000, 2),
(880, 465, 12, 190, 1000, 2),
(881, 466, 13, 145, 1000, 3),
(882, 467, 14, 110, 1000, 3),
(883, 468, 15, 480, 1000, 2),
(884, 469, 15, 480, 1000, 2),
(885, 470, 16, 210, 1000, 3),
(886, 471, 17, 210, 1000, 2),
(887, 472, 18, 520, 1000, 2),
(888, 473, 19, 120, 1000, 3),
(889, 474, 20, 12, 1000, 2),
(890, 475, 21, 200, 1000, 3),
(891, 476, 22, 180, 1000, 4),
(892, 477, 23, 130, 1000, 2),
(893, 478, 24, 220, 1000, 3),
(894, 479, 24, 220, 1000, 3),
(895, 480, 25, 14, 1000, 2),
(896, 481, 26, 470, 1000, 2),
(897, 482, 27, 210, 1000, 10.5),
(898, 483, 1, 40, 5000, 2),
(899, 484, 2, 110, 1000, 5),
(900, 485, 3, 110, 1000, 5),
(901, 486, 4, 130, 1000, 5),
(902, 487, 5, 125, 1000, 3),
(903, 488, 6, 130, 1000, 2),
(904, 489, 7, 125, 1000, 2),
(905, 490, 8, 130, 1000, 3),
(906, 491, 11, 110, 1000, 2),
(907, 492, 11, 110, 1000, 2),
(908, 493, 12, 190, 1000, 2),
(909, 494, 13, 145, 1000, 3),
(910, 495, 14, 110, 1000, 3),
(911, 496, 15, 480, 1000, 2),
(912, 497, 16, 210, 1000, 3),
(913, 498, 17, 210, 1000, 2),
(914, 499, 18, 520, 1000, 2),
(915, 500, 19, 120, 1000, 3),
(916, 501, 20, 12, 7000, 2),
(917, 502, 21, 200, 1000, 3),
(918, 503, 22, 180, 1000, 4),
(919, 504, 23, 130, 1000, 2),
(920, 505, 24, 220, 1000, 3),
(921, 506, 25, 14, 7000, 2),
(922, 507, 26, 470, 1000, 2),
(923, 508, 27, 210, 1000, 10.5),
(924, 509, 1, 40, 1000, 2),
(925, 510, 2, 110, 1000, 5),
(926, 511, 3, 110, 1000, 5),
(927, 512, 4, 130, 1000, 5),
(928, 513, 5, 125, 1000, 3),
(929, 514, 6, 130, 1000, 2),
(930, 515, 7, 125, 1000, 2),
(931, 516, 8, 130, 1000, 3),
(932, 517, 11, 110, 1000, 2),
(933, 518, 13, 145, 1000, 3),
(934, 519, 12, 190, 1000, 2),
(935, 520, 14, 110, 1000, 3),
(936, 521, 15, 480, 1000, 2),
(937, 522, 16, 210, 1000, 3),
(938, 523, 17, 210, 1000, 2),
(939, 524, 18, 520, 1000, 2),
(940, 525, 19, 120, 1000, 3),
(941, 526, 20, 12, 1000, 2),
(942, 527, 21, 200, 1000, 3),
(943, 528, 22, 180, 1000, 4),
(944, 529, 23, 130, 1000, 2),
(945, 530, 24, 220, 1000, 3),
(946, 531, 25, 14, 1000, 2),
(947, 532, 26, 470, 1000, 2),
(948, 533, 26, 470, 1000, 2),
(949, 534, 27, 210, 1000, 10.5),
(950, 535, 1, 40, 1000, 2),
(951, 536, 2, 110, 1000, 5),
(952, 537, 3, 110, 1000, 5),
(953, 538, 4, 130, 1000, 5),
(954, 539, 5, 125, 1000, 3),
(955, 540, 6, 130, 1000, 2),
(956, 541, 7, 125, 1000, 2),
(957, 542, 8, 130, 1000, 3),
(958, 543, 11, 110, 1000, 2),
(959, 544, 12, 190, 1000, 2),
(960, 545, 13, 145, 1000, 3),
(961, 546, 14, 110, 1000, 3),
(962, 547, 15, 480, 1000, 2),
(963, 548, 16, 210, 1000, 3),
(964, 549, 17, 210, 1000, 2),
(965, 550, 18, 520, 1000, 2),
(966, 551, 19, 120, 1000, 3),
(967, 552, 20, 12, 1000, 2),
(968, 553, 21, 200, 1000, 3),
(969, 554, 22, 180, 1000, 4),
(970, 555, 23, 130, 1000, 2),
(971, 556, 23, 130, 1000, 2),
(972, 557, 24, 220, 1000, 3),
(973, 558, 25, 14, 1000, 2),
(974, 559, 26, 470, 1000, 2),
(975, 560, 27, 210, 1000, 10.5),
(976, 561, 1, 40, 1000, 2),
(977, 562, 2, 110, 1000, 5),
(978, 563, 3, 110, 1000, 5),
(979, 564, 4, 130, 1000, 5),
(980, 565, 5, 125, 1000, 3),
(981, 566, 6, 130, 1000, 2),
(982, 567, 7, 125, 1000, 2),
(983, 568, 8, 130, 1000, 3),
(984, 569, 11, 110, 1000, 2),
(985, 570, 12, 190, 1000, 2),
(986, 571, 13, 145, 1000, 3),
(987, 572, 14, 110, 1000, 3),
(988, 573, 15, 480, 1000, 2),
(989, 574, 15, 480, 1000, 2),
(990, 575, 16, 210, 1000, 3),
(991, 576, 17, 210, 1000, 2),
(992, 577, 18, 520, 1000, 2),
(993, 578, 19, 120, 1000, 3),
(994, 579, 20, 12, 1000, 2),
(995, 580, 21, 200, 1000, 3),
(996, 581, 22, 180, 1000, 4),
(997, 582, 23, 130, 1000, 2),
(998, 583, 24, 220, 1000, 3),
(999, 584, 25, 14, 1000, 2),
(1000, 585, 26, 470, 1000, 2),
(1001, 586, 27, 210, 1000, 10.5),
(1002, 587, 1, 40, 1000, 2),
(1003, 588, 2, 110, 1000, 5),
(1004, 589, 3, 110, 1000, 5),
(1005, 590, 4, 130, 1000, 5),
(1006, 591, 5, 125, 1000, 3),
(1007, 592, 6, 130, 1000, 2),
(1008, 593, 7, 125, 1000, 2),
(1009, 594, 8, 130, 1000, 3),
(1010, 595, 11, 110, 1000, 2),
(1011, 596, 12, 190, 1000, 2),
(1012, 597, 13, 145, 1000, 3),
(1013, 598, 14, 110, 1000, 3),
(1014, 599, 15, 480, 1000, 2),
(1015, 600, 16, 210, 1000, 3),
(1016, 601, 17, 210, 1000, 2),
(1017, 602, 18, 520, 1000, 2),
(1018, 603, 19, 120, 1000, 3),
(1019, 604, 20, 12, 1000, 2),
(1020, 605, 21, 200, 1000, 3),
(1021, 606, 22, 180, 1000, 4),
(1022, 607, 23, 130, 1000, 2),
(1023, 608, 25, 14, 1000, 2),
(1024, 609, 26, 470, 1000, 2),
(1025, 610, 27, 210, 1000, 10.5),
(1026, 611, 1, 40, 1000, 2),
(1027, 612, 2, 110, 1000, 5),
(1028, 613, 3, 110, 1000, 5),
(1029, 614, 4, 130, 1000, 5),
(1030, 615, 5, 125, 1000, 3),
(1031, 616, 6, 130, 1000, 2),
(1032, 617, 7, 125, 1000, 2),
(1033, 618, 8, 130, 1000, 3),
(1034, 619, 11, 110, 1000, 2),
(1035, 620, 12, 190, 1000, 2),
(1036, 621, 13, 145, 1000, 3),
(1037, 622, 14, 110, 1000, 3),
(1038, 623, 15, 480, 1000, 2),
(1039, 624, 16, 210, 1000, 3),
(1040, 625, 17, 210, 1000, 2),
(1041, 626, 18, 520, 1000, 2),
(1042, 627, 19, 120, 1000, 3),
(1043, 628, 19, 120, 1000, 3),
(1044, 629, 20, 12, 1000, 2),
(1045, 630, 21, 200, 1000, 3),
(1046, 631, 22, 180, 1000, 4),
(1047, 632, 23, 130, 1000, 2),
(1048, 633, 24, 220, 1000, 3),
(1049, 634, 25, 14, 1000, 2),
(1050, 635, 26, 470, 1000, 2),
(1051, 636, 27, 210, 1000, 10.5),
(1052, 637, 1, 40, 1000, 2),
(1053, 638, 2, 110, 1000, 5),
(1054, 639, 3, 110, 1000, 5),
(1055, 640, 4, 130, 1000, 5),
(1056, 641, 5, 125, 1000, 3),
(1057, 642, 6, 130, 1000, 2),
(1058, 643, 7, 125, 1000, 2),
(1059, 644, 8, 130, 1000, 3),
(1060, 645, 8, 130, 1000, 3),
(1061, 646, 11, 110, 1000, 2),
(1062, 647, 11, 110, 1000, 2),
(1063, 648, 12, 190, 1000, 2),
(1064, 649, 13, 145, 1000, 3),
(1065, 650, 14, 110, 1000, 3),
(1066, 651, 15, 480, 1000, 2),
(1067, 652, 16, 210, 1000, 3),
(1068, 653, 17, 210, 1000, 2),
(1069, 654, 18, 520, 1000, 2),
(1070, 655, 19, 120, 1000, 3),
(1071, 656, 20, 12, 5000, 2),
(1072, 657, 20, 12, 5000, 2),
(1073, 658, 21, 200, 1000, 3),
(1074, 659, 22, 180, 1000, 4),
(1075, 660, 23, 130, 1000, 2),
(1076, 661, 23, 130, 1000, 2),
(1077, 662, 24, 220, 1000, 3),
(1078, 663, 24, 220, 1000, 3),
(1079, 664, 25, 14, 1000, 2),
(1080, 665, 26, 470, 1000, 2),
(1081, 666, 27, 210, 1000, 10.5),
(1082, 667, 27, 210, 1000, 10.5),
(1083, 668, 25, 14, 10000, 2),
(1084, 670, 2, 110, 1000, 5),
(1085, 670, 3, 110, 1000, 5),
(1086, 670, 4, 130, 1000, 5),
(1087, 670, 5, 125, 1000, 3),
(1088, 670, 6, 130, 1000, 2),
(1089, 671, 11, 110, 1000, 2),
(1090, 671, 12, 190, 1000, 2),
(1091, 671, 13, 145, 1000, 3),
(1092, 671, 7, 125, 1000, 2),
(1093, 671, 8, 130, 1000, 3),
(1094, 672, 14, 110, 1000, 3),
(1095, 672, 15, 480, 1000, 2),
(1096, 672, 16, 210, 1000, 3),
(1097, 672, 17, 210, 1000, 2),
(1098, 672, 18, 520, 1000, 2),
(1099, 673, 19, 120, 1000, 3),
(1100, 673, 20, 12, 1000, 2),
(1101, 673, 21, 200, 1000, 3),
(1102, 673, 22, 180, 1000, 4),
(1103, 673, 23, 130, 1000, 2),
(1104, 674, 1, 40, 1000, 2),
(1105, 674, 24, 220, 1000, 3),
(1106, 674, 25, 14, 1000, 2),
(1107, 674, 26, 470, 1000, 2),
(1108, 674, 27, 210, 1000, 10.5),
(1109, 675, 2, 110, 1000, 5),
(1110, 675, 3, 110, 1000, 5),
(1111, 675, 4, 130, 1000, 5),
(1112, 675, 5, 125, 1000, 3),
(1113, 675, 6, 130, 1000, 2),
(1114, 676, 11, 110, 1000, 2),
(1115, 676, 12, 190, 1000, 2),
(1116, 676, 13, 145, 1000, 3),
(1117, 676, 7, 125, 1000, 2),
(1118, 676, 8, 130, 1000, 3),
(1119, 677, 14, 110, 1000, 3),
(1120, 677, 15, 480, 1000, 2),
(1121, 677, 16, 210, 1000, 3),
(1122, 677, 17, 210, 1000, 2),
(1123, 677, 18, 520, 1000, 2),
(1124, 678, 19, 120, 1000, 3),
(1125, 678, 20, 12, 1000, 2),
(1126, 678, 21, 200, 1000, 3),
(1127, 678, 22, 180, 1000, 4),
(1128, 678, 23, 130, 1000, 2),
(1129, 679, 1, 40, 1000, 2),
(1130, 679, 24, 220, 1000, 3),
(1131, 679, 25, 14, 1000, 2),
(1132, 679, 26, 470, 1000, 2),
(1133, 679, 27, 210, 1000, 10.5),
(1134, 680, 2, 110, 1000, 5),
(1135, 680, 3, 110, 1000, 5),
(1136, 680, 4, 130, 1000, 5),
(1137, 680, 5, 125, 1000, 3),
(1138, 680, 6, 130, 1000, 2),
(1139, 681, 11, 110, 1000, 2),
(1140, 681, 12, 190, 1000, 2),
(1141, 681, 13, 145, 1000, 3),
(1142, 681, 7, 125, 1000, 2),
(1143, 681, 8, 130, 1000, 3),
(1144, 682, 11, 110, 1000, 2),
(1145, 682, 12, 190, 1000, 2),
(1146, 682, 13, 145, 1000, 3),
(1147, 682, 7, 125, 1000, 2),
(1148, 682, 8, 130, 1000, 3),
(1149, 683, 14, 110, 1000, 3),
(1150, 683, 15, 480, 1000, 2),
(1151, 683, 16, 210, 1000, 3),
(1152, 683, 17, 210, 1000, 2),
(1153, 683, 18, 520, 1000, 2),
(1154, 684, 19, 120, 1000, 3),
(1155, 684, 20, 12, 1000, 2),
(1156, 684, 21, 200, 1000, 3),
(1157, 684, 22, 180, 1000, 4),
(1158, 684, 23, 130, 1000, 2),
(1159, 685, 1, 40, 1000, 2),
(1160, 685, 24, 220, 1000, 3),
(1161, 685, 25, 14, 1000, 2),
(1162, 685, 26, 470, 1000, 2),
(1163, 685, 27, 210, 1000, 10.5),
(1164, 686, 1, 40, 1000, 2),
(1165, 686, 24, 220, 1000, 3),
(1166, 686, 25, 14, 1000, 2),
(1167, 686, 26, 470, 1000, 2),
(1168, 686, 27, 210, 1000, 10.5),
(1169, 687, 2, 110, 1000, 5),
(1170, 687, 3, 110, 1000, 5),
(1171, 687, 4, 130, 1000, 5),
(1172, 687, 5, 125, 1000, 3),
(1173, 687, 6, 130, 1000, 2),
(1174, 688, 8, 130, 1000, 3),
(1175, 689, 14, 110, 1000, 3),
(1176, 689, 15, 480, 1000, 2),
(1177, 689, 16, 210, 2000, 3),
(1178, 689, 17, 210, 1000, 2),
(1179, 690, 18, 520, 1000, 2),
(1180, 690, 19, 120, 1000, 3),
(1181, 690, 20, 12, 1000, 2),
(1182, 690, 21, 200, 1000, 3),
(1183, 690, 22, 180, 1000, 4),
(1184, 691, 26, 470, 1000, 2),
(1185, 691, 27, 210, 1000, 10.5),
(1186, 692, 1, 40, 1000, 2),
(1187, 692, 2, 110, 1000, 5),
(1188, 692, 3, 110, 1000, 5),
(1189, 692, 4, 130, 1000, 5),
(1190, 692, 5, 125, 1000, 3),
(1191, 693, 11, 110, 1000, 2),
(1192, 693, 12, 190, 1000, 2),
(1193, 693, 6, 130, 1000, 2),
(1194, 693, 7, 125, 1000, 2),
(1195, 693, 8, 130, 1000, 3),
(1196, 694, 13, 145, 1000, 3),
(1197, 694, 14, 110, 1000, 3),
(1198, 694, 15, 480, 1000, 2),
(1199, 694, 16, 210, 1000, 3),
(1200, 694, 17, 210, 1000, 2),
(1201, 695, 18, 520, 1000, 2),
(1202, 695, 19, 120, 1000, 3),
(1203, 695, 20, 12, 1000, 2),
(1204, 695, 21, 200, 1000, 3),
(1205, 695, 22, 180, 1000, 4),
(1206, 696, 23, 130, 1000, 2),
(1207, 696, 24, 220, 1000, 3),
(1208, 696, 25, 14, 1000, 2),
(1209, 696, 26, 470, 1000, 2),
(1210, 696, 27, 210, 1000, 10.5),
(1211, 697, 1, 40, 1000, 2),
(1212, 697, 2, 110, 1000, 5),
(1213, 697, 3, 110, 1000, 5),
(1214, 697, 4, 130, 1000, 5),
(1215, 697, 5, 125, 1000, 3),
(1216, 698, 11, 110, 1000, 2),
(1217, 698, 12, 190, 1000, 2),
(1218, 698, 6, 130, 1000, 2),
(1219, 698, 7, 125, 1000, 2),
(1220, 698, 8, 130, 1000, 3),
(1221, 699, 13, 145, 1000, 3),
(1222, 699, 14, 110, 1000, 3),
(1223, 699, 15, 480, 1000, 2),
(1224, 699, 17, 210, 1000, 2),
(1225, 700, 18, 520, 1000, 2),
(1226, 700, 19, 120, 1000, 3),
(1227, 700, 20, 12, 1000, 2),
(1228, 700, 21, 200, 1000, 3),
(1229, 700, 22, 180, 1000, 4),
(1230, 701, 23, 130, 1000, 2),
(1231, 701, 24, 220, 1000, 3),
(1232, 701, 25, 14, 1000, 2),
(1233, 701, 26, 470, 1000, 2),
(1234, 701, 27, 210, 1000, 10.5),
(1235, 702, 1, 40, 1000, 2),
(1236, 702, 2, 110, 1000, 5),
(1237, 702, 3, 110, 1000, 5),
(1238, 702, 4, 130, 1000, 5),
(1239, 702, 5, 125, 1000, 3),
(1240, 703, 11, 110, 1000, 2),
(1241, 703, 12, 190, 1000, 2),
(1242, 703, 6, 130, 1000, 2),
(1243, 703, 7, 125, 1000, 2),
(1244, 703, 8, 130, 1000, 3),
(1245, 704, 13, 145, 1000, 3),
(1246, 704, 14, 110, 1000, 3),
(1247, 704, 15, 480, 1000, 2),
(1248, 704, 16, 210, 1000, 3),
(1249, 704, 17, 210, 1000, 2),
(1250, 705, 18, 520, 1000, 2),
(1251, 705, 19, 120, 1000, 3),
(1252, 705, 20, 12, 1000, 2),
(1253, 705, 21, 200, 1000, 3),
(1254, 705, 22, 180, 1000, 4),
(1255, 706, 23, 130, 1000, 2),
(1256, 706, 24, 220, 1000, 3),
(1257, 706, 25, 14, 1000, 2),
(1258, 706, 26, 470, 1000, 2),
(1259, 706, 27, 210, 1000, 10.5),
(1260, 707, 1, 40, 1000, 2),
(1261, 707, 2, 110, 1000, 5),
(1262, 707, 3, 110, 1000, 5),
(1263, 707, 4, 130, 1000, 5),
(1264, 707, 5, 125, 1000, 3),
(1265, 708, 11, 110, 1000, 2),
(1266, 708, 12, 190, 1000, 2),
(1267, 708, 6, 130, 1000, 2),
(1268, 708, 7, 125, 1000, 2),
(1269, 708, 8, 130, 1000, 3),
(1270, 709, 13, 145, 1000, 3),
(1271, 709, 14, 110, 1000, 3),
(1272, 709, 15, 480, 1000, 2),
(1273, 709, 16, 210, 1000, 3),
(1274, 709, 17, 210, 1000, 2),
(1275, 710, 18, 520, 1000, 2),
(1276, 710, 19, 120, 1000, 3),
(1277, 710, 20, 12, 1000, 2),
(1278, 710, 21, 200, 1000, 3),
(1279, 710, 22, 180, 1000, 4),
(1280, 711, 23, 130, 1000, 2),
(1281, 711, 24, 220, 1000, 3),
(1282, 711, 25, 14, 1000, 2),
(1283, 711, 26, 470, 1000, 2),
(1284, 711, 27, 210, 1000, 10.5),
(1285, 712, 1, 40, 1000, 2),
(1286, 712, 2, 110, 1000, 5),
(1287, 712, 3, 110, 1000, 5),
(1288, 712, 4, 130, 1000, 5),
(1289, 712, 5, 125, 1000, 3),
(1290, 713, 11, 110, 1000, 2),
(1291, 713, 12, 190, 1000, 2),
(1292, 713, 6, 130, 1000, 2),
(1293, 713, 7, 125, 1000, 2),
(1294, 713, 8, 130, 1000, 3),
(1295, 714, 13, 145, 1000, 3),
(1296, 714, 14, 110, 1000, 3),
(1297, 714, 15, 480, 1000, 2),
(1298, 714, 16, 210, 1000, 3),
(1299, 714, 17, 210, 1000, 2),
(1300, 715, 18, 520, 1000, 2),
(1301, 715, 19, 120, 1000, 3),
(1302, 715, 20, 12, 1000, 2),
(1303, 715, 21, 200, 1000, 3),
(1304, 715, 22, 180, 1000, 4),
(1305, 716, 23, 130, 1000, 2),
(1306, 716, 24, 220, 1000, 3),
(1307, 716, 25, 14, 1000, 2),
(1308, 716, 26, 470, 1000, 2),
(1309, 716, 27, 210, 1000, 10.5),
(1310, 717, 1, 40, 1000, 2),
(1311, 717, 2, 110, 1000, 5),
(1312, 717, 3, 110, 1000, 5),
(1313, 717, 4, 130, 1000, 5),
(1314, 717, 5, 125, 1000, 3),
(1315, 718, 11, 110, 1000, 2),
(1316, 718, 12, 190, 1000, 2),
(1317, 718, 6, 130, 1000, 2),
(1318, 718, 7, 125, 1000, 2),
(1319, 718, 8, 130, 1000, 3),
(1320, 719, 13, 145, 1000, 3),
(1321, 719, 14, 110, 1000, 3),
(1322, 719, 15, 480, 1000, 2),
(1323, 719, 16, 210, 1000, 3),
(1324, 719, 17, 210, 1000, 2),
(1325, 720, 18, 520, 1000, 2),
(1326, 720, 19, 120, 1000, 3),
(1327, 720, 20, 12, 1000, 2),
(1328, 720, 21, 200, 1000, 3),
(1329, 720, 22, 180, 1000, 4),
(1330, 721, 23, 130, 1000, 2),
(1331, 721, 24, 220, 1000, 3),
(1332, 721, 25, 14, 1000, 2),
(1333, 721, 26, 470, 1000, 2),
(1334, 721, 27, 210, 1000, 10.5),
(1335, 722, 1, 40, 1000, 2),
(1336, 722, 2, 110, 1000, 5),
(1337, 722, 3, 110, 1000, 5),
(1338, 722, 4, 130, 1000, 5),
(1339, 722, 5, 125, 1000, 3),
(1340, 723, 11, 110, 1000, 2),
(1341, 723, 12, 190, 1000, 2),
(1342, 723, 6, 130, 1000, 2),
(1343, 723, 7, 125, 1000, 2),
(1344, 723, 8, 130, 1000, 3),
(1345, 724, 13, 145, 1000, 3),
(1346, 724, 14, 110, 1000, 3),
(1347, 724, 15, 480, 1000, 2),
(1348, 724, 16, 210, 1000, 3),
(1349, 724, 17, 210, 1000, 2),
(1350, 725, 18, 520, 1000, 2),
(1351, 725, 19, 120, 1000, 3),
(1352, 725, 20, 12, 1000, 2),
(1353, 725, 21, 200, 1000, 3),
(1354, 725, 22, 180, 1000, 4),
(1355, 726, 23, 130, 1000, 2),
(1356, 726, 24, 220, 1000, 3),
(1357, 726, 25, 14, 1000, 2),
(1358, 726, 26, 470, 1000, 2),
(1359, 726, 27, 210, 1000, 10.5),
(1360, 727, 1, 40, 1000, 2),
(1361, 727, 2, 110, 1000, 5),
(1362, 727, 3, 110, 1000, 5),
(1363, 727, 4, 130, 1000, 5),
(1364, 727, 5, 125, 1000, 3),
(1365, 728, 11, 110, 1000, 2),
(1366, 728, 12, 190, 1000, 2),
(1367, 728, 6, 130, 1000, 2),
(1368, 728, 7, 125, 1000, 2),
(1369, 728, 8, 130, 1000, 3),
(1370, 729, 13, 145, 1000, 3),
(1371, 729, 14, 110, 1000, 3),
(1372, 729, 15, 480, 1000, 2),
(1373, 729, 16, 210, 1000, 3),
(1374, 729, 17, 210, 1000, 2),
(1375, 730, 18, 520, 1000, 2),
(1376, 730, 19, 120, 1000, 3),
(1377, 730, 20, 12, 1000, 2),
(1378, 730, 21, 200, 1000, 3),
(1379, 730, 22, 180, 1000, 4),
(1380, 731, 23, 130, 1000, 2),
(1381, 731, 24, 220, 1000, 3),
(1382, 731, 25, 14, 1000, 2),
(1383, 731, 26, 470, 1000, 2),
(1384, 731, 27, 210, 1000, 10.5),
(1385, 732, 1, 40, 1000, 2),
(1386, 732, 2, 110, 1000, 5),
(1387, 732, 3, 110, 1000, 5),
(1388, 732, 4, 130, 1000, 5),
(1389, 732, 5, 125, 1000, 3),
(1390, 733, 11, 110, 1000, 2),
(1391, 733, 12, 190, 1000, 2),
(1392, 733, 6, 130, 1000, 2),
(1393, 733, 7, 125, 1000, 2),
(1394, 733, 8, 130, 1000, 3),
(1395, 734, 13, 145, 1000, 3),
(1396, 734, 14, 110, 1000, 3),
(1397, 734, 15, 480, 1000, 2),
(1398, 734, 16, 210, 1000, 3),
(1399, 734, 17, 210, 1000, 2),
(1400, 735, 18, 520, 1000, 2),
(1401, 735, 19, 120, 1000, 3),
(1402, 735, 20, 12, 1000, 2),
(1403, 735, 21, 200, 1000, 3),
(1404, 735, 22, 180, 1000, 4),
(1405, 736, 23, 130, 1000, 2),
(1406, 736, 24, 220, 1000, 3),
(1407, 736, 25, 14, 1000, 2),
(1408, 736, 26, 470, 1000, 2),
(1409, 736, 27, 210, 1000, 10.5),
(1410, 737, 1, 40, 1000, 2),
(1411, 737, 2, 110, 1000, 5),
(1412, 737, 3, 110, 1000, 5),
(1413, 737, 4, 130, 1000, 5),
(1414, 737, 5, 125, 1000, 3),
(1415, 738, 11, 110, 1000, 2),
(1416, 738, 12, 190, 1000, 2),
(1417, 738, 6, 130, 1000, 2),
(1418, 738, 7, 125, 1000, 2),
(1419, 738, 8, 130, 1000, 3),
(1420, 739, 13, 145, 1000, 3),
(1421, 739, 14, 110, 1000, 3),
(1422, 739, 15, 480, 1000, 2),
(1423, 739, 16, 210, 1000, 3),
(1424, 739, 17, 210, 1000, 2),
(1425, 740, 18, 520, 1000, 2),
(1426, 740, 19, 120, 1000, 3),
(1427, 740, 20, 12, 1000, 2),
(1428, 740, 21, 200, 1000, 3),
(1429, 740, 22, 180, 1000, 4),
(1430, 741, 23, 130, 1000, 2),
(1431, 741, 24, 220, 1000, 3),
(1432, 741, 25, 14, 1000, 2),
(1433, 741, 26, 470, 1000, 2),
(1434, 741, 27, 210, 1000, 10.5),
(1435, 742, 1, 40, 1000, 2),
(1436, 742, 2, 110, 1000, 5),
(1437, 742, 3, 110, 1000, 5),
(1438, 742, 4, 130, 1000, 5),
(1439, 742, 5, 125, 1000, 3),
(1440, 743, 11, 110, 1000, 2),
(1441, 743, 12, 190, 1000, 2),
(1442, 743, 6, 130, 1000, 2),
(1443, 743, 7, 125, 1000, 2),
(1444, 743, 8, 130, 1000, 3),
(1445, 744, 13, 145, 1000, 3),
(1446, 744, 14, 110, 1000, 3),
(1447, 744, 15, 480, 1000, 2),
(1448, 744, 16, 210, 1000, 3),
(1449, 744, 17, 210, 1000, 2),
(1450, 745, 18, 520, 1000, 2),
(1451, 745, 19, 120, 1000, 3),
(1452, 745, 20, 12, 1000, 2),
(1453, 745, 21, 200, 1000, 3),
(1454, 745, 22, 180, 1000, 4),
(1455, 746, 23, 130, 1000, 2),
(1456, 746, 24, 220, 1000, 3),
(1457, 746, 25, 14, 1000, 2),
(1458, 746, 26, 470, 1000, 2),
(1459, 746, 27, 210, 1000, 10.5),
(1460, 747, 1, 40, 1000, 2),
(1461, 747, 2, 110, 1000, 5),
(1462, 747, 3, 110, 1000, 5),
(1463, 747, 4, 130, 1000, 5),
(1464, 747, 5, 125, 1000, 3),
(1465, 748, 11, 110, 1000, 2),
(1466, 748, 12, 190, 1000, 2),
(1467, 748, 6, 130, 1000, 2),
(1468, 748, 7, 125, 1000, 2),
(1469, 748, 8, 130, 1000, 3),
(1470, 749, 13, 145, 1000, 3),
(1471, 749, 14, 110, 1000, 3),
(1472, 749, 15, 480, 1000, 2),
(1473, 749, 16, 210, 2000, 3),
(1474, 750, 17, 210, 1000, 2),
(1475, 750, 18, 520, 1000, 2),
(1476, 750, 19, 120, 1000, 3),
(1477, 750, 20, 12, 1000, 2),
(1478, 750, 21, 200, 1000, 3),
(1479, 751, 22, 180, 1000, 4),
(1480, 751, 23, 130, 1000, 2),
(1481, 751, 24, 220, 1000, 3),
(1482, 751, 25, 14, 1000, 2),
(1483, 751, 26, 470, 1000, 2),
(1484, 751, 27, 210, 1000, 10.5),
(1485, 752, 1, 40, 1000, 2),
(1486, 752, 2, 110, 1000, 5),
(1487, 752, 3, 110, 1000, 5),
(1488, 752, 4, 130, 1000, 5),
(1489, 752, 5, 125, 1000, 3),
(1490, 753, 11, 110, 1000, 2),
(1491, 753, 12, 190, 1000, 2),
(1492, 753, 6, 130, 1000, 2),
(1493, 753, 7, 125, 1000, 2),
(1494, 753, 8, 130, 1000, 3),
(1495, 754, 13, 145, 1000, 3),
(1496, 754, 14, 110, 1000, 3),
(1497, 754, 15, 480, 1000, 2),
(1498, 754, 16, 210, 1000, 3),
(1499, 754, 17, 210, 1000, 2),
(1500, 755, 18, 520, 1000, 2),
(1501, 755, 19, 120, 1000, 3),
(1502, 755, 20, 12, 1000, 2),
(1503, 755, 21, 200, 1000, 3),
(1504, 755, 22, 180, 1000, 4),
(1505, 756, 23, 130, 1000, 2),
(1506, 756, 24, 220, 1000, 3),
(1507, 756, 25, 14, 1000, 2),
(1508, 756, 26, 470, 1000, 2),
(1509, 756, 27, 210, 1000, 10.5),
(1510, 757, 1, 40, 1000, 2),
(1511, 757, 2, 110, 1000, 5),
(1512, 757, 3, 110, 1000, 5),
(1513, 757, 4, 130, 1000, 5),
(1514, 757, 5, 125, 1000, 3),
(1515, 758, 11, 110, 1000, 2),
(1516, 758, 12, 190, 1000, 2),
(1517, 758, 6, 130, 1000, 2),
(1518, 758, 7, 125, 1000, 2),
(1519, 758, 8, 130, 1000, 3),
(1520, 759, 13, 145, 1000, 3),
(1521, 759, 14, 110, 1000, 3),
(1522, 759, 15, 480, 1000, 2),
(1523, 759, 16, 210, 1000, 3),
(1524, 759, 17, 210, 1000, 2),
(1525, 760, 18, 520, 1000, 2),
(1526, 760, 19, 120, 1000, 3),
(1527, 760, 20, 12, 1000, 2),
(1528, 760, 21, 200, 1000, 3),
(1529, 760, 22, 180, 1000, 4),
(1530, 761, 23, 130, 1000, 2),
(1531, 761, 24, 220, 1000, 3),
(1532, 761, 25, 14, 1000, 2),
(1533, 761, 26, 470, 1000, 2),
(1534, 761, 27, 210, 1000, 10.5),
(1535, 762, 1, 40, 1000, 2),
(1536, 762, 2, 110, 1000, 5),
(1537, 762, 3, 110, 1000, 5),
(1538, 762, 4, 130, 1000, 5),
(1539, 762, 5, 125, 1000, 3),
(1540, 763, 11, 110, 1000, 2),
(1541, 763, 12, 190, 1000, 2),
(1542, 763, 6, 130, 1000, 2),
(1543, 763, 7, 125, 1000, 2),
(1544, 763, 8, 130, 1000, 3),
(1545, 764, 13, 145, 1000, 3),
(1546, 764, 14, 110, 1000, 3),
(1547, 764, 15, 480, 1000, 2),
(1548, 764, 16, 210, 1000, 3),
(1549, 764, 17, 210, 1000, 2),
(1550, 765, 18, 520, 1000, 2),
(1551, 765, 19, 120, 1000, 3),
(1552, 765, 20, 12, 1000, 2),
(1553, 765, 21, 200, 1000, 3),
(1554, 765, 22, 180, 1000, 4),
(1555, 766, 23, 130, 1000, 2),
(1556, 766, 24, 220, 1000, 3),
(1557, 766, 25, 14, 1000, 2),
(1558, 766, 26, 470, 1000, 2),
(1559, 766, 27, 210, 1000, 10.5),
(1560, 767, 1, 40, 1000, 2),
(1561, 767, 2, 110, 1000, 5),
(1562, 767, 3, 110, 1000, 5),
(1563, 767, 4, 130, 1000, 5),
(1564, 767, 5, 125, 1000, 3),
(1565, 768, 11, 110, 1000, 2),
(1566, 768, 12, 190, 1000, 2),
(1567, 768, 6, 130, 1000, 2),
(1568, 768, 7, 125, 1000, 2),
(1569, 768, 8, 130, 1000, 3),
(1570, 769, 13, 145, 1000, 3),
(1571, 769, 14, 110, 1000, 3),
(1572, 769, 15, 480, 1000, 2),
(1573, 769, 16, 210, 1000, 3),
(1574, 769, 17, 210, 1000, 2),
(1575, 770, 18, 520, 1000, 2),
(1576, 770, 19, 120, 1000, 3),
(1577, 770, 20, 12, 1000, 2),
(1578, 770, 21, 200, 1000, 3),
(1579, 770, 22, 180, 1000, 4),
(1580, 771, 23, 130, 1000, 2),
(1581, 771, 24, 220, 1000, 3),
(1582, 771, 25, 14, 1000, 2),
(1583, 771, 26, 470, 1000, 2),
(1584, 771, 27, 210, 1000, 10.5),
(1585, 772, 1, 40, 1000, 2),
(1586, 772, 2, 110, 1000, 5),
(1587, 772, 3, 110, 1000, 5),
(1588, 772, 4, 130, 1000, 5),
(1589, 772, 5, 125, 1000, 3),
(1590, 773, 11, 110, 1000, 2),
(1591, 773, 12, 190, 1000, 2),
(1592, 773, 13, 145, 1000, 3),
(1593, 773, 14, 110, 1000, 3),
(1594, 773, 6, 130, 1000, 2),
(1595, 773, 7, 125, 1000, 2),
(1596, 773, 8, 130, 1000, 3),
(1597, 774, 15, 480, 1000, 2),
(1598, 774, 16, 210, 1000, 3),
(1599, 774, 17, 210, 1000, 2),
(1600, 774, 18, 520, 1000, 2),
(1601, 774, 19, 120, 1000, 3),
(1602, 774, 21, 200, 1000, 3),
(1603, 774, 22, 180, 1000, 4),
(1604, 774, 23, 130, 1000, 2),
(1605, 774, 24, 220, 1000, 3),
(1606, 774, 25, 14, 1000, 2),
(1607, 775, 2, 110, 2, 5),
(1608, 775, 3, 110, 3, 5),
(1609, 775, 4, 130, 4, 5),
(1610, 775, 5, 125, 11, 3);

-- --------------------------------------------------------

--
-- Table structure for table `td_product_quanity_details`
--

CREATE TABLE `td_product_quanity_details` (
  `product_id` bigint(20) NOT NULL,
  `product_batch_no` varchar(40) DEFAULT NULL,
  `product_mfg_dt` date DEFAULT NULL,
  `product_expiry_dt` date DEFAULT NULL,
  `product_extra_info` varchar(400) DEFAULT NULL,
  `product_purchase_price` double NOT NULL,
  `product_purchase_vat` double DEFAULT NULL,
  `product_selling_price` double NOT NULL,
  `product_sell_vat` double DEFAULT NULL,
  `product_location` varchar(50) DEFAULT NULL,
  `product_quantity` bigint(20) DEFAULT NULL,
  `product_name` varchar(500) NOT NULL,
  `product_desc` varchar(1200) NOT NULL
) ENGINE=InnoDB DEFAULT CHARSET=latin1;

--
-- Dumping data for table `td_product_quanity_details`
--

INSERT INTO `td_product_quanity_details` (`product_id`, `product_batch_no`, `product_mfg_dt`, `product_expiry_dt`, `product_extra_info`, `product_purchase_price`, `product_purchase_vat`, `product_selling_price`, `product_sell_vat`, `product_location`, `product_quantity`, `product_name`, `product_desc`) VALUES
(1, '', NULL, NULL, '', 36, 2, 40, 2, '2nd Room', 80000, 'Thums Up', 'Cold Drink'),
(2, '4', '2017-01-17', '2017-01-31', '', 100, 5, 110, 5, '2', 79998, 'safal', 'gutkha'),
(3, '', '2017-01-30', '2017-01-31', '', 90, 5, 110, 5, '4', 79997, 'minaji', 'mawa masala'),
(4, '', '2017-01-30', '2018-01-10', '', 110, 5, 130, 5, '5', 79996, 'delux mix', 'masala '),
(5, '', '2016-01-24', '2018-01-10', '', 105, 5, 125, 3, '5', 97989, 'mazaa 108', 'tobacco'),
(6, '', '2016-01-20', '2019-01-09', '', 110, 6, 130, 2, '6', 80000, 'Aarcee', 'tobacco'),
(7, '', '2016-01-20', '2018-01-13', '', 110, 5, 125, 2, '3', 80000, 'Shivdata', 'tobacco'),
(8, '', '2016-01-21', '2018-01-04', '', 110, 5, 130, 3, '', 98000, 'Gopal green', 'tobacco'),
(9, '', '2017-01-17', '2017-01-31', '', 100, 5, 110, 5, '2', 0, 'safal', 'gutkha'),
(10, '', '2017-01-17', '2017-01-31', '', 100, 5, 110, 5, '2', 0, 'safal', 'gutkha'),
(11, '', '2016-01-31', '2017-01-07', '', 90, 5, 110, 2, '', 80000, 'dilbag', 'gutha'),
(12, '', '2015-01-27', '2019-01-11', '', 160, 5, 190, 2, '', 80000, 'pan bahar', 'gutkha'),
(13, '', '2017-01-18', '2018-01-09', '', 120, 4, 145, 3, '4', 80000, 'kamala pasanda', 'pan masala'),
(14, '', '2017-01-28', '2018-01-02', '', 90, 6, 110, 3, '5', 80000, 'baba elaichi', 'mouth freshener'),
(15, '', '2017-01-02', '2018-01-05', '', 460, 5, 480, 2, '6', 80000, 'mahadev', 'choudi tobacco'),
(16, '', '2016-01-29', '2018-01-10', '', 180, 5, 210, 3, '6', 80000, 'prakash', 'kibam'),
(17, '', '2016-01-18', '2018-01-09', '', 180, 4, 210, 2, '7', 80000, 'pan raja katha', 'pan masala'),
(18, '', '2017-01-03', '2018-01-07', '', 500, 5, 520, 2, '6', 80000, 'gopal 60', 'tobacco'),
(19, '', '2016-01-23', '2018-01-07', '', 100, 5, 120, 3, '2', 80000, 'bahu bali', 'gutkja'),
(20, '', '2016-01-01', '2018-01-06', '', 10, 1, 12, 2, '1', 80000, 'maghana bidi', ''),
(21, '', '2016-01-02', '2019-01-01', '', 160, 5, 200, 3, '3', 80000, 'pan vilash', ''),
(22, '', '2017-01-31', '2018-01-10', '', 150, 5, 180, 4, '3', 80000, 'rag', 'gutkha'),
(23, '', '2016-01-06', '2018-01-07', '', 110, 5, 130, 2, '', 140000, 'Pukar silver 3000', 'tobacco'),
(24, '', '2016-01-27', '2018-01-06', '', 190, 5, 220, 3, '6', 80000, 'Madhuban', 'meetha Pan Masala'),
(25, '4', '2017-01-10', '2017-01-27', 'aaa', 12, 2, 14, 2, 'aaa', 80000, 'aaaa', 'aaaa'),
(26, '', '2016-01-10', '2018-01-07', '', 450, 5, 470, 2, '', 139000, 'RAJAN BIDI', ''),
(27, '', '2016-01-26', '2018-01-09', '', 190, 6, 210, 10.5, '2', 80000, 'RAJANIGANDHA', 'METHA PAN MASALA');

--
-- Triggers `td_product_quanity_details`
--
DELIMITER $$
CREATE TRIGGER `add stock` AFTER INSERT ON `td_product_quanity_details` FOR EACH ROW insert into td_stock_details (product_id,product_desc,product_name) values (new.product_id, new.product_desc,new.product_name)
$$
DELIMITER ;

-- --------------------------------------------------------

--
-- Table structure for table `td_profit_loss`
--

CREATE TABLE `td_profit_loss` (
  `day` timestamp NOT NULL DEFAULT CURRENT_TIMESTAMP,
  `Amount` double DEFAULT NULL
) ENGINE=InnoDB DEFAULT CHARSET=latin1;

--
-- Dumping data for table `td_profit_loss`
--

INSERT INTO `td_profit_loss` (`day`, `Amount`) VALUES
('2016-10-15 18:30:00', 9.439999999999998),
('2016-10-15 21:39:22', 9.439999999999998),
('2016-10-15 21:40:09', 9.439999999999998),
('2016-10-15 21:40:32', 117.99999999999994),
('2016-10-15 21:40:53', 174.63999999999993),
('2016-10-15 21:40:54', 9.439999999999998),
('2016-10-15 21:40:55', 9.439999999999998),
('2016-10-15 21:40:56', 9.439999999999998),
('2016-10-15 21:40:57', 9.439999999999998),
('2016-10-15 21:40:58', 9.439999999999998),
('2016-10-15 21:40:59', 9.439999999999998),
('2016-10-15 21:41:00', 9.439999999999998),
('2016-10-15 21:41:47', 9.439999999999998),
('2016-10-15 21:42:56', 108.55999999999995),
('2016-10-15 21:43:15', 165.19999999999993),
('2017-05-29 04:33:00', 43.120000000000005),
('2017-05-29 04:34:45', 3.9200000000000017),
('2017-05-29 04:40:45', 23.519999999999982),
('2017-05-29 04:46:45', 11.759999999999991),
('2017-05-29 04:52:45', 7.840000000000003),
('2017-05-29 04:58:45', 7.840000000000003),
('2017-05-29 05:04:45', 7.840000000000003),
('2017-05-29 05:10:45', 0),
('2017-05-29 05:16:45', 117386.25),
('2017-05-29 05:22:45', -213.75),
('2017-05-29 05:28:45', 95),
('2017-05-29 05:34:46', 117.59999999999991),
('2017-05-29 05:40:46', 117.59999999999991),
('2017-05-29 05:46:46', 4192),
('2017-05-29 05:52:46', 19),
('2017-05-29 05:58:46', 392),
('2017-05-29 06:04:46', 0),
('2017-05-29 06:10:46', 22912),
('2017-05-29 06:16:46', 5338),
('2017-05-29 06:22:46', 5142),
('2017-05-29 06:28:46', 950),
('2017-05-29 06:34:46', 25975),
('2017-05-29 06:40:46', 28525),
('2017-05-29 06:46:46', 43800),
('2017-05-29 06:52:46', 80810),
('2017-05-29 06:58:46', 69773),
('2017-05-29 07:04:46', 22100),
('2017-05-29 07:10:46', 115400),
('2017-05-29 07:10:47', 212570),
('2017-05-29 07:16:47', 114530),
('2017-05-29 07:22:47', 90915),
('2017-05-29 07:28:47', 94380),
('2017-05-29 07:34:47', 28150),
('2017-05-29 07:40:47', 49900),
('2017-05-29 07:46:47', 30370),
('2017-05-29 07:52:47', 39190),
('2017-05-29 07:58:47', 84860),
('2017-05-29 08:04:47', 111945),
('2017-05-29 08:10:47', 88155),
('2017-05-29 08:16:47', 0),
('2017-05-29 08:22:47', 0),
('2017-05-29 08:28:47', 0),
('2017-05-29 08:34:47', 0),
('2017-05-29 08:40:47', 0),
('2017-05-29 08:46:47', 0),
('2017-05-29 08:46:48', 0),
('2017-05-29 08:52:48', 0),
('2017-05-29 08:58:48', 0),
('2017-05-29 09:04:48', 0),
('2017-05-29 09:10:48', 0),
('2017-05-29 09:16:48', 0),
('2017-05-29 09:22:48', 0),
('2017-05-29 09:28:48', 0),
('2017-05-29 09:34:48', 0),
('2017-05-29 09:40:48', 0),
('2017-05-29 09:46:48', 0),
('2017-05-29 09:52:48', 0),
('2017-05-29 09:58:48', 0),
('2017-05-29 10:04:48', 0),
('2017-05-29 10:10:48', 0),
('2017-05-29 10:16:48', 0),
('2017-05-29 10:22:48', 0),
('2017-05-29 10:28:48', 0),
('2017-05-29 10:28:49', 0),
('2017-05-29 10:34:49', 0),
('2017-05-29 10:40:49', 0),
('2017-05-29 10:46:49', 0),
('2017-05-29 10:52:49', 0),
('2017-05-29 10:58:49', 0),
('2017-05-29 11:04:49', 0),
('2017-05-29 11:10:49', 0),
('2017-05-29 11:16:49', 0),
('2017-05-29 11:22:49', 0),
('2017-05-29 11:28:49', 0),
('2017-05-29 11:34:49', 0),
('2017-05-29 11:40:49', 0),
('2017-05-29 11:46:49', 0),
('2017-05-29 11:52:49', 0),
('2017-05-29 11:58:49', 0),
('2017-05-29 12:04:49', 0),
('2017-05-29 12:10:50', 0),
('2017-05-29 12:16:50', 0),
('2017-05-29 12:22:50', 0),
('2017-05-29 12:28:50', 0),
('2017-05-29 12:34:50', 0),
('2017-05-29 12:40:50', 0),
('2017-05-29 12:46:50', 0),
('2017-05-29 12:52:50', 0),
('2017-05-29 12:58:50', 0),
('2017-05-29 13:04:50', 0),
('2017-05-29 13:10:50', 0),
('2017-05-29 13:16:50', 0),
('2017-05-29 13:22:50', 0),
('2017-05-29 13:28:50', 0),
('2017-05-29 13:34:50', 0),
('2017-05-29 13:40:50', 0),
('2017-05-29 13:46:50', 0),
('2017-05-29 13:52:50', 0),
('2017-05-29 13:58:50', 0),
('2017-05-29 13:58:51', 0),
('2017-05-29 14:04:51', 0),
('2017-05-29 14:10:51', 0),
('2017-05-29 14:16:51', 0),
('2017-05-29 14:22:51', 0),
('2017-05-29 14:28:51', 0),
('2017-05-29 14:34:51', 0),
('2017-05-29 14:40:51', 0),
('2017-05-29 14:46:51', 0),
('2017-05-29 14:52:51', 0),
('2017-05-29 14:58:51', 0),
('2017-05-29 15:04:51', 0),
('2017-05-29 15:10:51', 0),
('2017-05-29 15:16:51', 0),
('2017-05-29 15:22:51', 0),
('2017-05-29 15:28:51', 0),
('2017-05-29 15:28:52', 0),
('2017-05-29 15:34:52', 0),
('2017-05-29 15:40:52', 0),
('2017-05-29 15:46:52', 0),
('2017-05-29 15:52:52', 0),
('2017-05-29 15:58:52', 0),
('2017-05-29 16:04:52', 0),
('2017-05-29 16:10:52', 0),
('2017-05-29 16:16:52', 0),
('2017-05-29 16:22:52', 0),
('2017-05-29 16:28:52', 0),
('2017-05-29 16:34:52', 0),
('2017-05-29 16:40:52', 0),
('2017-05-29 16:46:52', 0),
('2017-05-29 16:52:52', 0),
('2017-05-29 16:58:52', 0),
('2017-05-29 17:04:52', 0),
('2017-05-29 17:10:52', 0),
('2017-05-29 17:16:52', 0),
('2017-05-29 17:16:53', 0),
('2017-05-29 17:22:53', 0),
('2017-05-29 17:28:53', 0),
('2017-05-29 17:34:53', 0),
('2017-05-29 17:40:53', 0),
('2017-05-29 17:46:53', 7.840000000000003),
('2017-05-29 17:52:53', 14722.159999999996),
('2017-05-29 17:58:53', 49113.52),
('2017-05-29 18:04:53', 76240),
('2017-05-29 18:10:53', 93080),
('2017-05-29 18:16:53', 108720),
('2017-05-29 18:22:53', 87145),
('2017-05-29 18:28:53', 104600),
('2017-05-29 18:34:53', 64220),
('2017-05-29 18:40:53', 53420),
('2017-05-29 18:46:53', 94960),
('2017-05-29 18:46:54', 179880),
('2017-05-29 18:52:54', 68420),
('2017-05-29 18:58:54', 82420),
('2017-05-29 19:04:54', 118360),
('2017-05-29 19:10:54', 210540),
('2017-05-29 19:16:54', 123505),
('2017-05-29 19:22:54', 149000),
('2017-05-29 19:28:54', 89540),
('2017-05-29 19:34:54', 82360),
('2017-05-29 19:40:54', 55340),
('2017-05-29 19:46:54', 98800),
('2017-05-29 19:52:54', 55340),
('2017-05-29 19:58:54', 61750),
('2017-05-29 20:04:54', 73050),
('2017-05-29 20:10:54', 64600),
('2017-05-29 20:16:54', 42750),
('2017-05-29 20:22:54', 76840),
('2017-05-29 20:28:54', 81400),
('2017-05-29 20:34:54', 146650),
('2017-05-29 20:40:54', 132020),
('2017-05-29 20:40:55', 220080),
('2017-05-29 20:46:55', 88720),
('2017-05-29 20:52:55', 65160),
('2017-05-29 20:58:55', 28560),
('2017-05-29 21:04:55', 32420),
('2017-05-29 21:10:55', 65160),
('2017-05-29 21:16:55', 118500),
('2017-05-29 21:22:55', 70920),
('2017-05-29 21:28:55', 91300),
('2017-05-29 21:34:55', 36140),
('2017-05-29 21:40:55', 104050),
('2017-05-29 21:46:55', 51420),
('2017-05-29 21:52:55', 88060),
('2017-05-29 21:58:55', 69000),
('2017-05-29 22:04:55', 76120),
('2017-05-29 22:10:55', 53820),
('2017-05-29 22:10:56', 165420),
('2017-05-29 22:16:56', 117220),
('2017-05-29 22:22:56', 72920),
('2017-05-29 22:28:56', 260060),
('2017-05-29 22:34:56', 136700),
('2017-05-29 22:40:56', 33100),
('2017-05-29 22:46:56', 39200),
('2017-05-29 22:52:56', 93000),
('2017-05-29 22:58:56', 104610),
('2017-05-29 23:04:56', 72920),
('2017-05-29 23:10:56', 120100),
('2017-05-29 23:16:56', 146650),
('2017-05-29 23:22:56', 137600),
('2017-05-29 23:28:56', 98700),
('2017-05-29 23:34:56', 93000),
('2017-05-29 23:40:56', 121550),
('2017-05-29 23:46:56', 155800),
('2017-05-29 23:46:57', 281700),
('2017-05-29 23:52:57', 85300),
('2017-05-29 23:58:57', 101500),
('2017-05-30 00:04:57', 125650),
('2017-05-30 00:10:57', 166700),
('2017-05-30 00:16:57', 125900),
('2017-05-30 00:22:57', 67480),
('2017-05-30 00:28:57', 104100),
('2017-05-30 00:34:57', 137450),
('2017-05-30 00:40:57', 123560),
('2017-05-30 00:46:57', 130060),
('2017-05-30 00:52:57', 0),
('2017-05-30 00:58:57', 84680),
('2017-05-30 01:04:57', 120100),
('2017-05-30 01:10:57', 146650),
('2017-05-30 01:16:57', 135740),
('2017-05-30 01:22:57', 78230),
('2017-05-30 01:28:57', 93000),
('2017-05-30 01:34:58', 121550),
('2017-05-30 01:40:58', 155800),
('2017-05-30 01:46:58', 118460),
('2017-05-30 01:52:58', 81380),
('2017-05-30 01:58:58', 101500),
('2017-05-30 02:04:58', 125650),
('2017-05-30 02:10:58', 155100),
('2017-05-30 02:16:58', 129960),
('2017-05-30 02:22:58', 67480),
('2017-05-30 02:28:58', 104100),
('2017-05-30 02:34:58', 126150),
('2017-05-30 02:40:58', 155100),
('2017-05-30 02:46:58', 129960),
('2017-05-30 02:52:58', 67480),
('2017-05-30 02:58:58', 104100),
('2017-05-30 03:04:58', 137450),
('2017-05-30 03:10:58', 123560),
('2017-05-30 03:16:58', 130060),
('2017-05-30 03:22:59', 84520),
('2017-05-30 03:28:59', 107400),
('2017-05-30 03:34:59', 137450),
('2017-05-30 03:40:59', 123560),
('2017-05-30 03:46:59', 130060),
('2017-05-30 03:52:59', 84520),
('2017-05-30 03:58:59', 107400),
('2017-05-30 04:04:59', 147850),
('2017-05-30 04:10:59', 132860),
('2017-05-30 04:16:59', 121160),
('2017-05-30 04:22:59', 121160),
('2017-05-30 04:28:59', 132860),
('2017-05-30 04:34:59', 147850),
('2017-05-30 04:40:59', 107400),
('2017-05-30 04:46:59', 84520),
('2017-05-30 04:52:59', 130060),
('2017-05-30 04:58:59', 33100),
('2017-05-30 04:59:00', 66000),
('2017-05-30 05:05:00', 42000),
('2017-05-30 05:11:00', 21600),
('2017-05-30 05:17:00', 11760),
('2017-05-30 05:23:00', 1860),
('2017-05-30 05:29:00', 9500),
('2017-05-30 05:35:00', 19000),
('2017-05-30 05:41:00', 18000),
('2017-05-30 05:47:00', 33100),
('2017-05-30 05:53:00', 32900),
('2017-05-30 05:59:00', 33400),
('2017-05-30 06:05:00', 30300),
('2017-05-30 06:11:00', 22900),
('2017-05-30 06:17:00', 18000),
('2017-05-30 06:23:00', 21400),
('2017-05-30 06:29:00', 32900),
('2017-05-30 06:35:00', 33400),
('2017-05-30 06:41:00', 34200),
('2017-05-30 06:47:00', 34600),
('2017-05-30 06:47:01', 69200),
('2017-05-30 06:53:01', 42000),
('2017-05-30 06:59:01', 1860),
('2017-05-30 07:05:01', 1860),
('2017-05-30 07:11:01', 72920),
('2017-05-30 07:17:01', 120100),
('2017-05-30 07:23:01', 146650),
('2017-05-30 07:29:01', 130160),
('2017-05-30 07:35:01', 90860),
('2017-05-30 07:41:01', 121160),
('2017-05-30 07:47:01', 132860),
('2017-05-30 07:53:01', 147850),
('2017-05-30 07:59:01', 107400),
('2017-05-30 08:05:01', 51420),
('2017-05-30 08:11:01', 72920),
('2017-05-30 08:17:01', 120100),
('2017-05-30 08:23:01', 146650),
('2017-05-30 08:29:01', 141860),
('2017-05-30 08:35:01', 100210),
('2017-05-30 08:35:02', 133610),
('2017-05-30 08:41:02', 18000),
('2017-05-30 08:47:02', 19000),
('2017-05-30 08:53:02', 27440),
('2017-05-30 08:59:02', 9500),
('2017-05-30 09:05:02', 19000),
('2017-05-30 09:11:02', 24000),
('2017-05-30 09:17:02', 18000),
('2017-05-30 09:23:02', 21600),
('2017-05-30 09:29:02', 22300),
('2017-05-30 09:35:02', 22300),
('2017-05-30 09:41:02', 22300),
('2017-05-30 09:47:02', 34200),
('2017-05-30 09:53:02', 22100),
('2017-05-30 09:59:02', 33400),
('2017-05-30 10:05:02', 32700),
('2017-05-30 10:11:02', 33000),
('2017-05-30 10:17:02', 34600),
('2017-05-30 10:17:03', 56000),
('2017-05-30 10:23:03', 7440),
('2017-05-30 10:29:03', 42000),
('2017-05-30 10:35:03', 30300),
('2017-05-30 10:41:03', 22900),
('2017-05-30 10:47:03', 22900),
('2017-05-30 10:53:03', 32900),
('2017-05-30 10:59:03', 1960),
('2017-05-30 11:05:03', 33100),
('2017-05-30 11:11:03', 9350),
('2017-05-30 11:17:03', 3920),
('2017-05-30 11:23:03', 9500),
('2017-05-30 11:29:03', 19000),
('2017-05-30 11:35:03', 19000),
('2017-05-30 11:41:03', 21500),
('2017-05-30 11:47:03', 24000),
('2017-05-30 11:53:03', 18000),
('2017-05-30 11:59:03', 21600),
('2017-05-30 12:05:03', 22300),
('2017-05-30 12:11:03', 34200),
('2017-05-30 12:11:04', 59650),
('2017-05-30 12:17:04', 22100),
('2017-05-30 12:23:04', 33400),
('2017-05-30 12:29:04', 32700),
('2017-05-30 12:35:04', 33000),
('2017-05-30 12:41:04', 34600),
('2017-05-30 12:47:04', 21400),
('2017-05-30 12:53:04', 21400),
('2017-05-30 12:59:04', 1860),
('2017-05-30 13:05:04', 42000),
('2017-05-30 13:11:04', 30300),
('2017-05-30 13:17:04', 22900),
('2017-05-30 13:23:04', 22900),
('2017-05-30 13:29:04', 32900),
('2017-05-30 13:35:04', 19600),
('2017-05-30 13:41:04', 33100),
('2017-05-30 13:47:04', 9350),
('2017-05-30 13:53:04', 3920),
('2017-05-30 13:59:04', 9500),
('2017-05-30 14:05:04', 19000),
('2017-05-30 14:11:05', 19000),
('2017-05-30 14:17:05', 21500),
('2017-05-30 14:23:05', 24000),
('2017-05-30 14:29:05', 18000),
('2017-05-30 14:35:05', 21600),
('2017-05-30 14:41:05', 22300),
('2017-05-30 14:47:05', 34200),
('2017-05-30 14:53:05', 34200),
('2017-05-30 14:59:05', 25450),
('2017-05-30 15:05:05', 22100),
('2017-05-30 15:11:05', 33400),
('2017-05-30 15:17:05', 32700),
('2017-05-30 15:23:05', 33000),
('2017-05-30 15:29:05', 34600),
('2017-05-30 15:35:05', 21400),
('2017-05-30 15:41:05', 3920),
('2017-05-30 15:47:05', 171),
('2017-05-30 15:53:05', 0),
('2017-05-30 15:59:05', 3920),
('2017-05-30 16:05:05', 9443),
('2017-05-30 16:11:05', 19000),
('2017-05-30 16:17:05', 18886),
('2017-05-30 16:17:06', 40386),
('2017-05-30 16:23:06', 24000),
('2017-05-30 16:29:06', 18000),
('2017-05-30 16:35:06', 21600),
('2017-05-30 16:41:06', 22300),
('2017-05-30 16:47:06', 34200),
('2017-05-30 16:53:06', 25450),
('2017-05-30 16:59:06', 22100),
('2017-05-30 17:05:06', 33400),
('2017-05-30 17:11:06', 32700),
('2017-05-30 17:17:06', 33000),
('2017-05-30 17:23:06', 34600),
('2017-05-30 17:29:06', 34600),
('2017-05-30 17:35:06', 21400),
('2017-05-30 17:41:06', 1860),
('2017-05-30 17:47:06', 42000),
('2017-05-30 17:53:06', 30300),
('2017-05-30 17:59:06', 22900),
('2017-05-30 18:05:06', 32900),
('2017-05-30 18:11:06', 1960),
('2017-05-30 18:17:06', 33100),
('2017-05-30 18:23:06', 9350),
('2017-05-30 18:23:07', 13270),
('2017-05-30 18:29:07', 9500),
('2017-05-30 18:35:07', 19000),
('2017-05-30 18:41:07', 19000),
('2017-05-30 18:47:07', 21500),
('2017-05-30 18:53:07', 24000),
('2017-05-30 18:59:07', 18000),
('2017-05-30 19:05:07', 21600),
('2017-05-30 19:11:07', 22300),
('2017-05-30 19:17:07', 34200),
('2017-05-30 19:23:07', 25450),
('2017-05-30 19:29:07', 22100),
('2017-05-30 19:35:07', 33400),
('2017-05-30 19:41:07', 32700),
('2017-05-30 19:47:07', 33000),
('2017-05-30 19:53:07', 34600),
('2017-05-30 19:59:07', 21400),
('2017-05-30 20:05:07', 1860),
('2017-05-30 20:11:07', 42000),
('2017-05-30 20:17:07', 30300),
('2017-05-30 20:23:07', 22900),
('2017-05-30 20:29:07', 32900),
('2017-05-30 20:29:08', 34860),
('2017-05-30 20:35:08', 33100),
('2017-05-30 20:41:08', 9350),
('2017-05-30 20:47:08', 3920),
('2017-05-30 20:53:08', 9500),
('2017-05-30 20:59:08', 9500),
('2017-05-30 21:05:08', 19000),
('2017-05-30 21:11:08', 19000),
('2017-05-30 21:17:08', 21500),
('2017-05-30 21:23:08', 24000),
('2017-05-30 21:29:08', 24000),
('2017-05-30 21:35:08', 18000),
('2017-05-30 21:41:08', 38),
('2017-05-30 21:47:08', 28.5),
('2017-05-30 21:53:08', 38),
('2017-05-30 21:59:08', 19),
('2017-05-30 22:05:08', 38),
('2017-05-30 22:11:08', 95),
('2017-05-30 22:17:08', 0),
('2017-05-30 22:23:08', 3920),
('2017-05-30 22:29:08', 9500),
('2017-05-30 22:35:08', 3920),
('2017-05-30 22:41:08', 9452.5),
('2017-05-30 22:47:09', 18829),
('2017-05-30 22:53:09', 19000),
('2017-05-30 22:59:09', 18962),
('2017-05-30 23:05:09', 21500),
('2017-05-30 23:11:09', 24000),
('2017-05-30 23:17:09', 18000),
('2017-05-30 23:23:09', 21600),
('2017-05-30 23:29:09', 21600),
('2017-05-30 23:35:09', 22300),
('2017-05-30 23:41:09', 34200),
('2017-05-30 23:47:09', 25450),
('2017-05-30 23:53:09', 22100),
('2017-05-30 23:59:09', 33400),
('2017-05-31 00:05:09', 33400),
('2017-05-31 00:11:09', 32700),
('2017-05-31 00:17:09', 33000),
('2017-05-31 00:23:09', 34600),
('2017-05-31 00:29:09', 21400),
('2017-05-31 00:35:09', 1860),
('2017-05-31 00:41:09', 42000),
('2017-05-31 00:47:09', 30300),
('2017-05-31 00:53:09', 22900),
('2017-05-31 00:59:09', 32900),
('2017-05-31 00:59:10', 65800),
('2017-05-31 01:05:10', 1960),
('2017-05-31 01:11:10', 33100),
('2017-05-31 01:17:10', 9350),
('2017-05-31 01:23:10', 19600),
('2017-05-31 01:29:10', 9500),
('2017-05-31 01:35:10', 19000),
('2017-05-31 01:41:10', 19000),
('2017-05-31 01:47:10', 21500),
('2017-05-31 01:53:10', 24000),
('2017-05-31 01:59:10', 18000),
('2017-05-31 02:05:10', 21600),
('2017-05-31 02:11:10', 22300),
('2017-05-31 02:17:10', 22300),
('2017-05-31 02:23:10', 34200),
('2017-05-31 02:29:10', 25450),
('2017-05-31 02:35:10', 22100),
('2017-05-31 02:41:10', 33400),
('2017-05-31 02:47:10', 32700),
('2017-05-31 02:53:10', 33000),
('2017-05-31 02:59:10', 34600),
('2017-05-31 03:05:10', 21400),
('2017-05-31 03:11:10', 13020),
('2017-05-31 03:11:11', 55020),
('2017-05-31 03:17:11', 30300),
('2017-05-31 03:23:11', 22900),
('2017-05-31 03:29:11', 32900),
('2017-05-31 03:35:11', 13720),
('2017-05-31 03:41:11', 33100),
('2017-05-31 03:47:11', 9350),
('2017-05-31 03:53:11', 3920),
('2017-05-31 03:58:40', 9500),
('2017-05-31 04:01:58', 19000),
('2017-05-31 04:04:40', 19000),
('2017-05-31 04:07:58', 21500),
('2017-05-31 04:10:40', 24000),
('2017-05-31 04:11:47', 18000),
('2017-05-31 04:16:40', 21600),
('2017-05-31 04:17:47', 22300),
('2017-05-31 04:18:39', 25450),
('2017-05-31 04:18:47', 34200),
('2017-05-31 04:24:39', 22100),
('2017-05-31 04:24:47', 33400),
('2017-05-31 04:30:39', 32700),
('2017-05-31 04:30:47', 33000);

-- --------------------------------------------------------

--
-- Table structure for table `td_purchase_history`
--

CREATE TABLE `td_purchase_history` (
  `bill_no` bigint(20) NOT NULL,
  `godown_no` varchar(20) DEFAULT NULL,
  `customer_id` bigint(20) DEFAULT NULL,
  `bill_amount` double NOT NULL,
  `payment_type` varchar(10) NOT NULL,
  `bill_date` datetime NOT NULL DEFAULT CURRENT_TIMESTAMP,
  `paid_amount` double NOT NULL,
  `vat_amount` double NOT NULL,
  `basic_amount` double NOT NULL,
  `due_amount` double NOT NULL,
  `processed` varchar(2) DEFAULT NULL
) ENGINE=InnoDB DEFAULT CHARSET=latin1;

--
-- Dumping data for table `td_purchase_history`
--

INSERT INTO `td_purchase_history` (`bill_no`, `godown_no`, `customer_id`, `bill_amount`, `payment_type`, `bill_date`, `paid_amount`, `vat_amount`, `basic_amount`, `due_amount`, `processed`) VALUES
(1, '1', 1, 80, 'CASH', '2016-10-10 20:04:57', 0, 1.6, 78.4, 80, 'D'),
(2, '1', 1, 920, 'CASH', '2016-10-10 20:05:19', 300, 18.4, 901.6, 620, 'D'),
(3, '1', 1, 480, 'CASH', '2016-10-13 23:01:54', 0, 9.6, 470.4, 480, 'D'),
(4, '1', 1, 80, 'CASH', '2016-10-10 20:04:57', 0, 1.6, 78.4, 80, 'D'),
(5, '1', 1, 80, 'CASH', '2016-10-10 20:04:57', 0, 1.6, 78.4, 80, 'D'),
(6, '1', 1, 920, 'CASH', '2016-10-10 20:05:19', 300, 18.4, 901.6, 620, 'D'),
(7, '1', 1, 480, 'CASH', '2016-10-13 23:01:54', 0, 9.6, 470.4, 480, 'D'),
(8, '1', 1, 80, 'CASH', '2016-10-10 20:04:57', 0, 1.6, 78.4, 80, 'D'),
(9, '1', 1, 80, 'CASH', '2016-10-10 20:04:57', 0, 1.6, 78.4, 80, 'D'),
(10, '1', 1, 80, 'CASH', '2016-10-10 20:04:57', 0, 1.6, 78.4, 80, 'D'),
(11, '1', 1, 80, 'CASH', '2016-10-10 20:04:57', 0, 1.6, 78.4, 80, 'D'),
(12, '1', 1, 80, 'CASH', '2016-10-10 20:04:57', 0, 1.6, 78.4, 80, 'D'),
(13, '1', 1, 80, 'CASH', '2016-10-10 20:04:57', 0, 1.6, 78.4, 80, 'D'),
(14, '1', 1, 80, 'CASH', '2016-10-10 20:04:57', 0, 1.6, 78.4, 80, 'D'),
(15, '1', 1, 440, 'CASH', '2016-10-16 03:25:16', 0, 8.8, 431.2, 440, 'D'),
(16, '1', 1, 40, 'CASH', '2017-05-13 21:06:37', 0, 0.8, 39.2, 40, 'D'),
(17, NULL, NULL, 240, 'CASH', '2017-05-13 21:07:22', 0, 4.8, 235.2, 240, 'D'),
(18, NULL, NULL, 120, 'CASH', '2017-05-19 21:58:55', 0, 2.4, 117.6, 120, 'D'),
(19, NULL, NULL, 80, 'CASH', '2017-05-19 21:59:11', 0, 1.6, 78.4, 80, 'D'),
(20, '1', 1, 80, 'CASH', '2017-05-19 21:59:39', 0, 1.6, 78.4, 80, 'D'),
(21, '1', 1, 80, 'CASH', '2017-05-19 22:01:27', 0, 1.6, 78.4, 80, 'D'),
(22, '3', 2, 300275, 'CASH', '2017-05-21 09:59:31', 0, 6013.75, 294261.25, 300275, 'D'),
(23, '3', 2, 300275, 'CASH', '2017-05-21 09:59:31', 0, 6013.75, 294261.25, 300275, 'D'),
(24, '3', 2, 275, 'CASH', '2017-05-21 10:03:00', 0, 13.75, 261.25, 275, 'D'),
(25, '3', 2, 1100, 'CASH', '2017-05-21 10:12:04', 0, 55, 1045, 1100, 'D'),
(26, '3', 2, 1200, 'CASH', '2017-05-21 10:13:04', 0, 24, 1176, 1200, 'D'),
(27, '3', 2, 1200, 'CASH', '2017-05-21 10:13:04', 0, 24, 1176, 1200, 'D'),
(28, '5', 3, 37000, 'CASH', '2017-05-21 10:55:35', 0, 1730, 35270, 37000, 'D'),
(29, '1', 1, 220, 'CASH', '2017-05-21 11:01:37', 0, 11, 209, 220, 'D'),
(30, '1', 1, 4000, 'CASH', '2017-05-21 11:03:32', 0, 80, 3920, 4000, 'D'),
(31, '3', 2, 146680, 'CASH', '2017-05-22 09:07:27', 0, 6974, 139706, 146680, 'D'),
(32, '3', 2, 146680, 'CASH', '2017-05-22 09:07:27', 0, 6974, 139706, 146680, 'D'),
(33, '5', 3, 41000, 'CASH', '2017-05-22 09:13:17', 29000, 1870, 39130, 12000, 'D'),
(34, NULL, NULL, 39000, 'CASH', '2017-05-22 09:23:44', 0, 1830, 37170, 39000, 'D'),
(35, '4', 5, 11000, 'CASH', '2017-05-22 09:29:18', 11000, 550, 10450, 0, 'D'),
(36, '10', 6, 146250, 'CASH', '2017-05-22 09:37:18', 146250, 3737.5, 142512.5, 0, 'D'),
(37, '10', 6, 171250, 'CASH', '2017-05-22 09:49:40', 171250, 3862.5, 167387.5, 0, 'D'),
(38, '4', 5, 257500, 'CASH', '2017-05-22 09:58:14', 0, 5800, 251700, 257500, 'D'),
(39, '4', 5, 453500, 'CASH', '2017-05-22 13:06:04', 300000, 10880, 442620, 153500, 'D'),
(40, '5', 3, 428500, 'CASH', '2017-05-22 13:09:04', 250000, 11465, 417035, 178500, 'D'),
(41, NULL, NULL, 110000, 'CASH', '2017-05-22 13:29:05', 60000, 3300, 106700, 50000, 'D'),
(42, '10', 6, 870000, 'CASH', '2017-05-22 13:51:25', 0, 19500, 850500, 870000, 'D'),
(43, '23', 12, 691000, 'CASH', '2017-05-22 13:56:10', 691000, 16230, 674770, 0, 'D'),
(44, '10', 6, 1006250, 'CASH', '2017-05-22 13:58:20', 0, 41340, 964910, 1006250, 'D'),
(45, '5', 3, 613750, 'CASH', '2017-05-22 14:22:12', 613750, 20335, 593415, 0, 'D'),
(46, '1', 1, 598000, 'CASH', '2017-05-22 14:47:51', 598000, 16140, 581860, 0, 'D'),
(47, '5', 3, 334000, 'CASH', '2017-05-22 14:53:41', 334000, 7010, 326990, 0, 'D'),
(48, '6', 4, 472000, 'CASH', '2017-05-22 14:54:45', 472000, 11390, 460610, 0, 'D'),
(49, '23', 12, 173000, 'CASH', '2017-05-22 15:13:31', 173000, 5830, 167170, 0, 'D'),
(50, '6', 4, 242000, 'CASH', '2017-05-22 15:30:18', 242000, 9740, 232260, 0, 'D'),
(51, '1', 1, 452000, 'CASH', '2017-05-22 16:00:01', 452000, 15240, 436760, 0, 'D'),
(52, '3', 2, 619500, 'CASH', '2017-05-22 16:23:30', 619500, 22985, 596515, 0, 'D'),
(53, '4', 5, 493500, 'CASH', '2017-05-22 16:25:06', 0, 19665, 473835, 493500, 'D'),
(54, '3', 2, 319000, 'CASH', '2017-05-23 07:33:03', 319000, 13410, 305590, 0, 'D'),
(55, '3', 2, 319000, 'CASH', '2017-05-23 07:33:03', 319000, 13410, 305590, 0, 'D'),
(56, '3', 2, 319000, 'CASH', '2017-05-23 07:33:03', 319000, 13410, 305590, 0, 'D'),
(57, '3', 2, 319000, 'CASH', '2017-05-23 07:33:03', 319000, 13410, 305590, 0, 'D'),
(58, '3', 2, 319000, 'CASH', '2017-05-23 07:33:03', 319000, 13410, 305590, 0, 'D'),
(59, '3', 2, 319000, 'CASH', '2017-05-23 07:33:03', 319000, 13410, 305590, 0, 'D'),
(60, '3', 2, 319000, 'CASH', '2017-05-23 07:33:03', 319000, 13410, 305590, 0, 'D'),
(61, '3', 2, 319000, 'CASH', '2017-05-23 07:33:03', 319000, 13410, 305590, 0, 'D'),
(62, '3', 2, 319000, 'CASH', '2017-05-23 07:33:03', 319000, 13410, 305590, 0, 'D'),
(63, '3', 2, 319000, 'CASH', '2017-05-23 07:33:03', 319000, 13410, 305590, 0, 'D'),
(64, '3', 2, 319000, 'CASH', '2017-05-23 07:33:03', 319000, 13410, 305590, 0, 'D'),
(65, '3', 2, 319000, 'CASH', '2017-05-23 07:33:03', 319000, 13410, 305590, 0, 'D'),
(66, '3', 2, 319000, 'CASH', '2017-05-23 07:33:03', 319000, 13410, 305590, 0, 'D'),
(67, '3', 2, 319000, 'CASH', '2017-05-23 07:33:03', 319000, 13410, 305590, 0, 'D'),
(68, '3', 2, 319000, 'CASH', '2017-05-23 07:33:03', 319000, 13410, 305590, 0, 'D'),
(69, '3', 2, 319000, 'CASH', '2017-05-23 07:33:03', 319000, 13410, 305590, 0, 'D'),
(70, '3', 2, 319000, 'CASH', '2017-05-23 07:33:03', 319000, 13410, 305590, 0, 'D'),
(71, '3', 2, 251000, 'CASH', '2017-05-23 07:40:39', 251000, 9470, 241530, 0, 'D'),
(72, '3', 2, 251000, 'CASH', '2017-05-23 07:40:39', 251000, 9470, 241530, 0, 'D'),
(73, '3', 2, 251000, 'CASH', '2017-05-23 07:40:39', 251000, 9470, 241530, 0, 'D'),
(74, '3', 2, 251000, 'CASH', '2017-05-23 07:40:39', 251000, 9470, 241530, 0, 'D'),
(75, '3', 2, 251000, 'CASH', '2017-05-23 07:40:39', 251000, 9470, 241530, 0, 'D'),
(76, '3', 2, 251000, 'CASH', '2017-05-23 07:40:39', 251000, 9470, 241530, 0, 'D'),
(77, '3', 2, 251000, 'CASH', '2017-05-23 07:40:39', 251000, 9470, 241530, 0, 'D'),
(78, '3', 2, 251000, 'CASH', '2017-05-23 07:40:39', 251000, 9470, 241530, 0, 'D'),
(79, '3', 2, 251000, 'CASH', '2017-05-23 07:40:39', 251000, 9470, 241530, 0, 'D'),
(80, '3', 2, 179000, 'CASH', '2017-05-23 07:40:39', 179000, 6590, 172410, 0, 'D'),
(81, '3', 2, 179000, 'CASH', '2017-05-23 07:40:39', 179000, 6590, 172410, 0, 'D'),
(82, '3', 2, 179000, 'CASH', '2017-05-23 07:40:39', 179000, 6590, 172410, 0, 'D'),
(83, '3', 2, 179000, 'CASH', '2017-05-23 07:40:39', 179000, 6590, 172410, 0, 'D'),
(84, '3', 2, 179000, 'CASH', '2017-05-23 07:40:39', 179000, 6590, 172410, 0, 'D'),
(85, '3', 2, 179000, 'CASH', '2017-05-23 07:40:39', 179000, 6590, 172410, 0, 'D'),
(86, '3', 2, 179000, 'CASH', '2017-05-23 07:40:39', 179000, 6590, 172410, 0, 'D'),
(87, '3', 2, 179000, 'CASH', '2017-05-23 07:40:39', 179000, 6590, 172410, 0, 'D'),
(88, '3', 2, 179000, 'CASH', '2017-05-23 07:40:39', 179000, 6590, 172410, 0, 'D'),
(89, '3', 2, 179000, 'CASH', '2017-05-23 07:40:39', 179000, 6590, 172410, 0, 'D'),
(90, '3', 2, 179000, 'CASH', '2017-05-23 07:40:39', 179000, 6590, 172410, 0, 'D'),
(91, '3', 2, 179000, 'CASH', '2017-05-23 07:40:39', 179000, 6590, 172410, 0, 'D'),
(92, '3', 2, 179000, 'CASH', '2017-05-23 07:40:39', 179000, 6590, 172410, 0, 'D'),
(93, '3', 2, 179000, 'CASH', '2017-05-23 07:40:39', 179000, 6590, 172410, 0, 'D'),
(94, '3', 2, 179000, 'CASH', '2017-05-23 07:40:39', 179000, 6590, 172410, 0, 'D'),
(95, '3', 2, 179000, 'CASH', '2017-05-23 07:40:39', 179000, 6590, 172410, 0, 'D'),
(96, '3', 2, 55000, 'CASH', '2017-05-23 07:44:55', 0, 2750, 52250, 55000, 'D'),
(97, '3', 2, 55000, 'CASH', '2017-05-23 07:44:55', 0, 2750, 52250, 55000, 'D'),
(98, '3', 2, 55000, 'CASH', '2017-05-23 07:44:55', 0, 2750, 52250, 55000, 'D'),
(99, '3', 2, 55000, 'CASH', '2017-05-23 07:44:55', 0, 2750, 52250, 55000, 'D'),
(100, '3', 2, 55000, 'CASH', '2017-05-23 07:44:55', 0, 2750, 52250, 55000, 'D'),
(101, '3', 2, 55000, 'CASH', '2017-05-23 07:44:55', 0, 2750, 52250, 55000, 'D'),
(102, '3', 2, 55000, 'CASH', '2017-05-23 07:44:55', 0, 2750, 52250, 55000, 'D'),
(103, '3', 2, 55000, 'CASH', '2017-05-23 07:44:55', 0, 2750, 52250, 55000, 'D'),
(104, '3', 2, 55000, 'CASH', '2017-05-23 07:44:55', 0, 2750, 52250, 55000, 'D'),
(105, '3', 2, 55000, 'CASH', '2017-05-23 07:44:55', 0, 2750, 52250, 55000, 'D'),
(106, '3', 2, 55000, 'CASH', '2017-05-23 07:44:55', 0, 2750, 52250, 55000, 'D'),
(107, '3', 2, 55000, 'CASH', '2017-05-23 07:44:55', 0, 2750, 52250, 55000, 'D'),
(108, '6', 4, 264000, 'CASH', '2017-05-23 07:50:26', 264000, 5940, 258060, 0, 'D'),
(109, '6', 4, 264000, 'CASH', '2017-05-23 07:50:26', 264000, 5940, 258060, 0, 'D'),
(110, '6', 4, 264000, 'CASH', '2017-05-23 07:50:26', 264000, 5940, 258060, 0, 'D'),
(111, '6', 4, 264000, 'CASH', '2017-05-23 07:50:26', 264000, 5940, 258060, 0, 'D'),
(112, '6', 4, 264000, 'CASH', '2017-05-23 07:50:26', 264000, 5940, 258060, 0, 'D'),
(113, '6', 4, 264000, 'CASH', '2017-05-23 07:50:26', 264000, 5940, 258060, 0, 'D'),
(114, '6', 4, 264000, 'CASH', '2017-05-23 07:50:26', 264000, 5940, 258060, 0, 'D'),
(115, '6', 4, 264000, 'CASH', '2017-05-23 07:50:26', 264000, 5940, 258060, 0, 'D'),
(116, '6', 4, 264000, 'CASH', '2017-05-23 07:50:26', 264000, 5940, 258060, 0, 'D'),
(117, '6', 4, 264000, 'CASH', '2017-05-23 07:50:26', 264000, 5940, 258060, 0, 'D'),
(118, '6', 4, 264000, 'CASH', '2017-05-23 07:50:26', 264000, 5940, 258060, 0, 'D'),
(119, '6', 4, 264000, 'CASH', '2017-05-23 07:50:26', 264000, 5940, 258060, 0, 'D'),
(120, '6', 4, 264000, 'CASH', '2017-05-23 07:50:26', 264000, 5940, 258060, 0, 'D'),
(121, '6', 4, 264000, 'CASH', '2017-05-23 07:50:26', 264000, 5940, 258060, 0, 'D'),
(122, '23', 12, 160000, 'CASH', '2017-05-23 08:14:05', 150000, 5280, 154720, 10000, 'D'),
(123, '561', 29, 240000, 'CASH', '2017-05-23 08:57:40', 240000, 4800, 235200, 0, 'D'),
(124, '897', 28, 132000, 'CASH', '2017-05-23 09:02:39', 132000, 4400, 127600, 0, 'D'),
(125, '889', 33, 180000, 'CASH', '2017-05-23 09:52:16', 0, 7200, 172800, 180000, 'D'),
(126, '889', 33, 18000, 'CASH', '2017-05-23 09:52:16', 0, 720, 17280, 18000, 'D'),
(127, '889', 33, 18000, 'CASH', '2017-05-23 09:52:16', 0, 720, 17280, 18000, 'D'),
(128, '889', 33, 18000, 'CASH', '2017-05-23 09:52:16', 0, 720, 17280, 18000, 'D'),
(129, '889', 33, 255000, 'CASH', '2017-05-23 12:45:18', 250000, 7010, 247990, 5000, 'D'),
(130, '889', 33, 255000, 'CASH', '2017-05-23 12:45:18', 250000, 7010, 247990, 5000, 'D'),
(131, '889', 33, 255000, 'CASH', '2017-05-23 12:45:18', 250000, 7010, 247990, 5000, 'D'),
(132, '3', 2, 150000, 'CASH', '2017-05-23 13:27:03', 150000, 6300, 143700, 0, 'D'),
(133, '3', 2, 150000, 'CASH', '2017-05-23 13:27:03', 150000, 6300, 143700, 0, 'D'),
(134, '6', 4, 72500, 'CASH', '2017-05-23 13:33:51', 0, 2175, 70325, 72500, 'D'),
(135, '3', 2, 110000, 'CASH', '2017-05-23 14:28:57', 110000, 5500, 104500, 0, 'D'),
(136, '3', 2, 110000, 'CASH', '2017-05-23 14:30:03', 110000, 5500, 104500, 0, 'D'),
(137, '3', 2, 390000, 'CASH', '2017-05-23 15:28:32', 390000, 11740, 378260, 0, 'D'),
(138, '3', 2, 390000, 'CASH', '2017-05-23 15:28:32', 390000, 11740, 378260, 0, 'D'),
(139, '3', 2, 203000, 'CASH', '2017-05-24 06:54:26', 203000, 7260, 195740, 0, 'D'),
(140, '1', 1, 4800, 'CASH', '2017-05-24 07:06:33', 0, 96, 4704, 4800, 'D'),
(141, '1', 1, 55000, 'CASH', '2017-05-24 07:04:16', 0, 2750, 52250, 55000, 'D'),
(142, NULL, NULL, 375, 'CASH', '2017-05-24 10:37:39', 0, 11.25, 363.75, 375, 'D'),
(143, NULL, NULL, 255, 'CASH', '2017-05-24 10:37:39', 0, 5.1, 249.9, 255, 'D'),
(144, NULL, NULL, 255, 'CASH', '2017-05-24 10:37:39', 0, 5.1, 249.9, 255, 'D'),
(145, NULL, NULL, 255, 'CASH', '2017-05-24 10:37:39', 0, 5.1, 249.9, 255, 'D'),
(146, NULL, NULL, 255, 'CASH', '2017-05-24 10:37:39', 0, 5.1, 249.9, 255, 'D'),
(147, '23', 12, 1320, 'CASH', '2017-05-24 10:40:57', 0, 66, 1254, 1320, 'D'),
(148, '1', 1, 14, 'CASH', '2017-05-24 10:49:34', 0, 0.28, 13.72, 14, 'D'),
(149, '3', 2, 55140, 'CASH', '2017-05-24 13:06:08', 55140, 1652.8, 53487.2, 0, 'D'),
(150, '1', 1, 28000, 'CASH', '2017-05-24 14:46:37', 28000, 560, 27440, 0, 'D'),
(151, '4', 5, 180000, 'CASH', '2017-05-24 16:10:03', 0, 7200, 172800, 180000, 'D'),
(152, '1', 1, 80, 'CASH', '2017-05-24 22:28:20', 0, 1.6, 78.4, 80, 'D'),
(153, '1', 1, 80, 'CASH', '2017-05-24 22:30:57', 0, 1.6, 78.4, 80, 'D'),
(154, '1', 1, 80, 'CASH', '2017-05-24 23:08:19', 0, 1.6, 78.4, 80, 'D'),
(155, '3', 2, 130920, 'CASH', '2017-05-25 06:46:38', 130920, 4988.4, 125931.6, 0, 'D'),
(156, '908', 100, 277168, 'CASH', '2017-05-25 06:47:31', 277168, 9413.36, 267754.64, 0, 'D'),
(157, '635', 25, 548000, 'CASH', '2017-05-25 06:50:37', 548000, 24310, 523690, 0, 'D'),
(158, '555', 26, 577000, 'CASH', '2017-05-25 06:52:24', 0, 18250, 558750, 577000, 'D'),
(159, '931', 23, 1014000, 'CASH', '2017-05-25 06:54:44', 0, 25680, 988320, 1014000, 'D'),
(160, '831', 24, 516500, 'CASH', '2017-05-25 06:57:04', 0, 15455, 501045, 516500, 'D'),
(161, '561', 29, 687500, 'CASH', '2017-05-25 06:59:18', 0, 23500, 664000, 687500, 'D'),
(162, '135', 27, 445000, 'CASH', '2017-05-25 07:01:23', 445000, 17750, 427250, 0, 'D'),
(163, '897', 28, 407500, 'CASH', '2017-05-25 07:03:16', 407500, 15350, 392150, 0, 'D'),
(164, '561', 29, 732000, 'CASH', '2017-05-25 07:06:07', 732000, 29540, 702460, 0, 'D'),
(165, '888', 30, 635000, 'CASH', '2017-05-25 07:07:51', 635000, 26100, 608900, 0, 'D'),
(166, '565', 31, 460000, 'CASH', '2017-05-25 07:10:01', 460000, 15400, 444600, 0, 'D'),
(167, '777', 32, 625000, 'CASH', '2017-05-25 07:16:35', 0, 27550, 597450, 625000, 'D'),
(168, '889', 33, 704000, 'CASH', '2017-05-25 07:17:58', 0, 20880, 683120, 704000, 'D'),
(169, '632', 36, 2088000, 'CASH', '2017-05-25 07:19:48', 0, 62060, 2025940, 2088000, 'D'),
(170, '220', 37, 798500, 'CASH', '2017-05-25 07:22:12', 0, 24595, 773905, 798500, 'D'),
(171, '225', 38, 1170000, 'CASH', '2017-05-25 07:25:05', 0, 48350, 1121650, 1170000, 'D'),
(172, '443', 39, 730000, 'CASH', '2017-05-25 07:26:44', 730000, 28400, 701600, 0, 'D'),
(173, '775', 40, 784000, 'CASH', '2017-05-25 07:28:01', 784000, 34380, 749620, 0, 'D'),
(174, '441', 42, 630000, 'CASH', '2017-05-25 07:29:34', 0, 29100, 600900, 630000, 'D'),
(175, '820', 43, 835000, 'CASH', '2017-05-25 07:30:30', 835000, 33200, 801800, 0, 'D'),
(176, '661', 45, 630000, 'CASH', '2017-05-25 07:31:59', 630000, 29100, 600900, 0, 'D'),
(177, '254', 46, 445000, 'CASH', '2017-05-25 07:32:57', 445000, 22250, 422750, 0, 'D'),
(178, '436', 47, 675000, 'CASH', '2017-05-25 07:33:41', 675000, 31950, 643050, 0, 'D'),
(179, '432', 50, 645000, 'CASH', '2017-05-25 07:34:41', 645000, 29400, 615600, 0, 'D'),
(180, '221', 51, 315000, 'CASH', '2017-05-25 07:35:42', 315000, 15750, 299250, 0, 'D'),
(181, '222', 52, 555000, 'CASH', '2017-05-25 07:46:24', 555000, 22850, 532150, 0, 'D'),
(182, '653', 54, 473000, 'CASH', '2017-05-25 07:47:38', 0, 10760, 462240, 473000, 'D'),
(183, '257', 57, 1155000, 'CASH', '2017-05-25 07:49:35', 1155000, 27750, 1127250, 0, 'D'),
(184, '987', 58, 1044000, 'CASH', '2017-05-25 07:51:48', 1044000, 27680, 1016320, 0, 'D'),
(185, '987', 58, 544000, 'CASH', '2017-05-25 08:41:57', 544000, 16680, 527320, 0, 'D'),
(186, '920', 60, 490000, 'CASH', '2017-05-25 08:43:22', 490000, 15400, 474600, 0, 'D'),
(187, '963', 61, 414000, 'CASH', '2017-05-25 08:45:30', 0, 14080, 399920, 414000, 'D'),
(188, '631', 62, 219000, 'CASH', '2017-05-25 08:46:41', 219000, 7680, 211320, 0, 'D'),
(189, '910', 63, 260000, 'CASH', '2017-05-25 08:50:14', 260000, 11800, 248200, 0, 'D'),
(190, '019', 65, 414000, 'CASH', '2017-05-25 08:55:54', 414000, 14080, 399920, 0, 'D'),
(191, '091', 66, 640000, 'CASH', '2017-05-25 08:57:52', 640000, 17100, 622900, 0, 'D'),
(192, '801', 67, 436000, 'CASH', '2017-05-25 08:59:44', 436000, 10920, 425080, 0, 'D'),
(193, '108', 68, 585000, 'CASH', '2017-05-25 09:01:34', 585000, 23450, 561550, 0, 'D'),
(194, '018', 69, 284000, 'CASH', '2017-05-25 09:03:09', 284000, 12280, 271720, 0, 'D'),
(195, '081', 70, 555000, 'CASH', '2017-05-25 09:04:28', 555000, 13650, 541350, 0, 'D'),
(196, '081', 70, 390000, 'CASH', '2017-05-25 09:07:13', 390000, 18300, 371700, 0, 'D'),
(197, '701', 71, 544000, 'CASH', '2017-05-25 09:08:18', 544000, 16680, 527320, 0, 'D'),
(198, '107', 72, 475000, 'CASH', '2017-05-25 09:09:42', 475000, 21250, 453750, 0, 'D'),
(199, '017', 73, 406000, 'CASH', '2017-05-25 09:10:57', 406000, 13720, 392280, 0, 'D'),
(200, '213', 83, 380000, 'CASH', '2017-05-25 09:12:12', 380000, 15400, 364600, 0, 'D'),
(201, '258', 85, 620000, 'CASH', '2017-05-25 09:13:16', 620000, 13500, 606500, 0, 'D'),
(202, '071', 74, 720000, 'CASH', '2017-05-25 09:14:18', 720000, 26000, 694000, 0, 'D'),
(203, '601', 75, 515000, 'CASH', '2017-05-25 09:20:25', 515000, 22050, 492950, 0, 'D'),
(204, '501', 76, 2004000, 'CASH', '2017-05-25 09:23:25', 2004000, 50480, 1953520, 0, 'D'),
(205, '010', 78, 1115000, 'CASH', '2017-05-25 09:27:16', 1115000, 41250, 1073750, 0, 'D'),
(206, '001', 79, 470000, 'CASH', '2017-05-25 09:28:14', 470000, 9400, 460600, 0, 'D'),
(207, '1', 1, 400000, 'CASH', '2017-05-25 13:19:24', 0, 8000, 392000, 400000, 'D'),
(208, '3', 2, 605000, 'CASH', '2017-05-25 13:23:57', 605000, 23850, 581150, 0, 'D'),
(209, '5', 3, 779000, 'CASH', '2017-05-25 13:24:54', 779000, 21380, 757620, 0, 'D'),
(210, '908', 100, 515000, 'CASH', '2017-05-25 15:19:57', 515000, 22050, 492950, 0, 'D'),
(211, '089', 99, 685000, 'CASH', '2017-05-25 15:21:04', 0, 15000, 670000, 685000, 'D'),
(212, '072', 98, 1155000, 'CASH', '2017-05-25 15:22:09', 1155000, 27750, 1127250, 0, 'D'),
(213, '702', 97, 1080000, 'CASH', '2017-05-25 15:23:52', 1080000, 28400, 1051600, 0, 'D'),
(214, '207', 96, 914000, 'CASH', '2017-05-25 15:25:46', 914000, 20480, 893520, 0, 'D'),
(215, '027', 95, 605000, 'CASH', '2017-05-25 15:28:20', 605000, 23850, 581150, 0, 'D'),
(216, '456', 91, 700000, 'CASH', '2017-05-25 15:29:32', 700000, 16750, 683250, 0, 'D'),
(217, '693', 90, 1530000, 'CASH', '2017-05-25 15:30:57', 0, 33800, 1496200, 1530000, 'D'),
(218, '98', 89, 690000, 'CASH', '2017-05-25 15:32:34', 690000, 20600, 669400, 0, 'D'),
(219, '369', 87, 894000, 'CASH', '2017-05-25 15:36:45', 894000, 23380, 870620, 0, 'D'),
(220, '147', 86, 620000, 'CASH', '2017-05-25 15:38:05', 620000, 20850, 599150, 0, 'D'),
(221, '258', 85, 685000, 'CASH', '2017-05-25 15:39:25', 685000, 17550, 667450, 0, 'D'),
(222, '213', 83, 1630000, 'CASH', '2017-05-25 15:41:05', 1630000, 34700, 1595300, 0, 'D'),
(223, '321', 82, 690000, 'CASH', '2017-05-25 15:42:55', 690000, 20600, 669400, 0, 'D'),
(224, '123', 81, 744000, 'CASH', '2017-05-25 15:45:31', 744000, 21480, 722520, 0, 'D'),
(225, '100', 80, 640000, 'CASH', '2017-05-25 15:49:54', 640000, 19250, 620750, 0, 'D'),
(226, '001', 79, 1035000, 'CASH', '2017-05-25 15:51:14', 0, 23250, 1011750, 1035000, 'D'),
(227, '010', 78, 1072000, 'CASH', '2017-05-25 15:53:26', 1072000, 24740, 1047260, 0, 'D'),
(228, '501', 76, 744000, 'CASH', '2017-05-25 15:58:17', 744000, 22680, 721320, 0, 'D'),
(229, '017', 73, 635000, 'CASH', '2017-05-26 06:41:30', 635000, 24450, 610550, 0, 'D'),
(230, '1', 1, 635000, 'CASH', '2017-05-26 06:43:18', 635000, 24450, 610550, 0, 'D'),
(231, '3', 2, 685000, 'CASH', '2017-05-26 06:44:09', 685000, 15000, 670000, 0, 'D'),
(232, '5', 3, 1155000, 'CASH', '2017-05-26 06:46:17', 1155000, 27750, 1127250, 0, 'D'),
(233, '6', 4, 1068000, 'CASH', '2017-05-26 06:47:40', 1068000, 28160, 1039840, 0, 'D'),
(234, '4', 5, 639000, 'CASH', '2017-05-26 06:49:54', 639000, 14980, 624020, 0, 'D'),
(235, '4', 5, 605000, 'CASH', '2017-05-26 07:20:02', 0, 23850, 581150, 605000, 'D'),
(236, '10', 6, 700000, 'CASH', '2017-05-26 07:20:48', 700000, 16750, 683250, 0, 'D'),
(237, '23', 12, 1530000, 'CASH', '2017-05-26 07:21:48', 1530000, 33800, 1496200, 0, 'D'),
(238, '931', 23, 642000, 'CASH', '2017-05-26 07:23:26', 642000, 19640, 622360, 0, 'D'),
(239, '831', 24, 854000, 'CASH', '2017-05-26 07:24:57', 854000, 22580, 831420, 0, 'D'),
(240, '635', 25, 620000, 'CASH', '2017-05-26 07:27:02', 620000, 20850, 599150, 0, 'D'),
(241, '555', 26, 685000, 'CASH', '2017-05-26 07:28:18', 685000, 17550, 667450, 0, 'D'),
(242, '135', 27, 1540000, 'CASH', '2017-05-26 07:30:33', 1540000, 34100, 1505900, 0, 'D'),
(243, '897', 28, 742000, 'CASH', '2017-05-26 07:32:58', 742000, 22640, 719360, 0, 'D'),
(244, '561', 29, 744000, 'CASH', '2017-05-26 07:35:46', 744000, 21480, 722520, 0, 'D'),
(245, '888', 30, 640000, 'CASH', '2017-05-26 07:38:51', 640000, 19250, 620750, 0, 'D'),
(246, '565', 31, 665000, 'CASH', '2017-05-26 07:39:53', 665000, 16950, 648050, 0, 'D'),
(247, '777', 32, 1540000, 'CASH', '2017-05-26 07:41:25', 1540000, 34100, 1505900, 0, 'D'),
(248, '889', 33, 742000, 'CASH', '2017-05-26 07:43:50', 742000, 22640, 719360, 0, 'D'),
(249, '632', 36, 744000, 'CASH', '2017-05-26 07:45:21', 744000, 21480, 722520, 0, 'D'),
(250, '220', 37, 640000, 'CASH', '2017-05-26 07:46:41', 640000, 19250, 620750, 0, 'D'),
(251, '225', 38, 1035000, 'CASH', '2017-05-26 07:47:39', 1035000, 23250, 1011750, 0, 'D'),
(252, '443', 39, 1072000, 'CASH', '2017-05-26 07:49:00', 1072000, 24740, 1047260, 0, 'D'),
(253, '775', 40, 744000, 'CASH', '2017-05-26 07:51:14', 744000, 22680, 721320, 0, 'D'),
(254, '441', 42, 860000, 'CASH', '2017-05-26 07:52:35', 860000, 27700, 832300, 0, 'D'),
(255, '820', 43, 620000, 'CASH', '2017-05-26 07:54:14', 620000, 14950, 605050, 0, 'D'),
(256, '661', 45, 1035000, 'CASH', '2017-05-26 07:55:40', 1035000, 23250, 1011750, 0, 'D'),
(257, '254', 46, 1072000, 'CASH', '2017-05-26 07:57:17', 1072000, 24740, 1047260, 0, 'D'),
(258, '436', 47, 744000, 'CASH', '2017-05-26 07:59:14', 744000, 22680, 721320, 0, 'D'),
(259, '432', 50, 860000, 'CASH', '2017-05-26 08:00:34', 860000, 27700, 832300, 0, 'D'),
(260, '221', 51, 620000, 'CASH', '2017-05-26 08:01:34', 620000, 14950, 605050, 0, 'D'),
(261, '222', 52, 1135000, 'CASH', '2017-05-26 08:02:42', 1135000, 27350, 1107650, 0, 'D'),
(262, '653', 54, 1062000, 'CASH', '2017-05-26 08:05:05', 1062000, 24440, 1037560, 0, 'D'),
(263, '257', 57, 1014000, 'CASH', '2017-05-26 08:06:51', 1014000, 26080, 987920, 0, 'D'),
(264, '987', 58, 1014000, 'CASH', '2017-05-26 08:08:44', 1014000, 26080, 987920, 0, 'D'),
(265, '920', 60, 1062000, 'CASH', '2017-05-26 08:12:07', 1062000, 24440, 1037560, 0, 'D'),
(266, '963', 61, 1135000, 'CASH', '2017-05-26 08:15:23', 1135000, 27350, 1107650, 0, 'D'),
(267, '631', 62, 620000, 'CASH', '2017-05-26 08:17:01', 620000, 14950, 605050, 0, 'D'),
(268, '910', 63, 860000, 'CASH', '2017-05-26 08:19:20', 860000, 27700, 832300, 0, 'D'),
(269, '019', 65, 744000, 'CASH', '2017-05-26 08:21:39', 744000, 22680, 721320, 0, 'D'),
(270, '801', 67, 470000, 'CASH', '2017-05-26 09:16:05', 470000, 9400, 460600, 0, 'D'),
(271, '801', 67, 220000, 'CASH', '2017-05-26 09:17:20', 22000, 6600, 213400, 198000, 'D'),
(272, '108', 68, 200000, 'CASH', '2017-05-26 09:18:15', 200000, 6000, 194000, 0, 'D'),
(273, '018', 69, 130000, 'CASH', '2017-05-26 09:19:28', 130000, 3900, 126100, 0, 'D'),
(274, '081', 70, 120000, 'CASH', '2017-05-26 09:20:26', 0, 2400, 117600, 120000, 'D'),
(275, '081', 70, 12000, 'CASH', '2017-05-26 09:21:14', 12000, 240, 11760, 0, 'D'),
(276, '701', 71, 110000, 'CASH', '2017-05-26 09:22:18', 11000, 5500, 104500, 99000, 'D'),
(277, '107', 72, 130000, 'CASH', '2017-05-26 09:22:58', 130000, 6500, 123500, 0, 'D'),
(278, '017', 73, 125000, 'CASH', '2017-05-26 09:24:05', 125000, 2500, 122500, 0, 'D'),
(279, '071', 74, 470000, 'CASH', '2017-05-26 09:25:51', 0, 9400, 460600, 470000, 'D'),
(280, '601', 75, 220000, 'CASH', '2017-05-26 09:26:22', 220000, 6600, 213400, 0, 'D'),
(281, '501', 76, 480000, 'CASH', '2017-05-26 09:27:33', 480000, 9600, 470400, 0, 'D'),
(282, '010', 78, 180000, 'CASH', '2017-05-26 09:29:16', 180000, 7200, 172800, 0, 'D'),
(283, '001', 79, 130000, 'CASH', '2017-05-26 09:30:02', 130000, 2600, 127400, 0, 'D'),
(284, '100', 80, 125000, 'CASH', '2017-05-26 09:30:52', 125000, 2500, 122500, 0, 'D'),
(285, '123', 81, 120000, 'CASH', '2017-05-26 09:32:58', 120000, 3600, 116400, 0, 'D'),
(286, '321', 82, 220000, 'CASH', '2017-05-26 09:35:20', 220000, 6600, 213400, 0, 'D'),
(287, '213', 83, 480000, 'CASH', '2017-05-26 09:37:09', 480000, 9600, 470400, 0, 'D'),
(288, '258', 85, 190000, 'CASH', '2017-05-26 09:38:04', 190000, 3800, 186200, 0, 'D'),
(289, '147', 86, 520000, 'CASH', '2017-05-26 09:38:47', 520000, 10400, 509600, 0, 'D'),
(290, '147', 86, 520000, 'CASH', '2017-05-26 09:38:47', 520000, 10400, 509600, 0, 'D'),
(291, '369', 87, 200000, 'CASH', '2017-05-26 09:40:03', 200000, 6000, 194000, 0, 'D'),
(292, '98', 89, 12000, 'CASH', '2017-05-26 09:41:45', 12000, 240, 11760, 0, 'D'),
(293, '98', 89, 12000, 'CASH', '2017-05-26 09:41:45', 12000, 240, 11760, 0, 'D'),
(294, '98', 89, 515000, 'CASH', '2017-05-26 12:56:35', 515000, 22050, 492950, 0, 'D'),
(295, '693', 90, 685000, 'CASH', '2017-05-26 12:58:15', 685000, 15000, 670000, 0, 'D'),
(296, '456', 91, 1155000, 'CASH', '2017-05-26 13:01:48', 1155000, 27750, 1127250, 0, 'D'),
(297, '027', 95, 1032000, 'CASH', '2017-05-26 13:03:37', 1032000, 27440, 1004560, 0, 'D'),
(298, '207', 96, 834000, 'CASH', '2017-05-26 13:07:16', 834000, 18880, 815120, 0, 'D'),
(299, '702', 97, 1014000, 'CASH', '2017-05-26 13:08:47', 1014000, 26080, 987920, 0, 'D'),
(300, '072', 98, 1062000, 'CASH', '2017-05-26 13:09:59', 1062000, 24440, 1037560, 0, 'D'),
(301, '089', 99, 1135000, 'CASH', '2017-05-26 13:11:38', 1135000, 27350, 1107650, 0, 'D'),
(302, '908', 100, 620000, 'CASH', '2017-05-26 13:13:15', 620000, 14950, 605050, 0, 'D'),
(303, '003', 103, 390000, 'CASH', '2017-05-26 13:21:19', 390000, 18300, 371700, 0, 'D'),
(304, '3', 2, 515000, 'CASH', '2017-05-26 13:37:48', 515000, 22050, 492950, 0, 'D'),
(305, '1', 1, 685000, 'CASH', '2017-05-26 13:39:21', 685000, 15000, 670000, 0, 'D'),
(306, '5', 3, 1155000, 'CASH', '2017-05-26 13:40:27', 1155000, 27750, 1127250, 0, 'D'),
(307, '6', 4, 1052000, 'CASH', '2017-05-26 13:41:51', 1052000, 26240, 1025760, 0, 'D'),
(308, '4', 5, 1044000, 'CASH', '2017-05-26 13:50:48', 1044000, 40930, 1003070, 0, 'D'),
(309, '10', 6, 480000, 'CASH', '2017-05-26 14:24:41', 480000, 9600, 470400, 0, 'D'),
(310, '23', 12, 125000, 'CASH', '2017-05-26 14:28:13', 125000, 2500, 122500, 0, 'D'),
(311, '931', 23, 110000, 'CASH', '2017-05-26 14:32:53', 0, 5500, 104500, 110000, 'D'),
(312, '931', 23, 280000, 'CASH', '2017-05-26 14:33:28', 280000, 5600, 274400, 0, 'D'),
(313, '831', 24, 110000, 'CASH', '2017-05-26 14:34:10', 110000, 5500, 104500, 0, 'D'),
(314, '635', 25, 130000, 'CASH', '2017-05-26 14:35:04', 130000, 6500, 123500, 0, 'D'),
(315, '555', 26, 130000, 'CASH', '2017-05-26 14:36:09', 130000, 2600, 127400, 0, 'D'),
(316, '135', 27, 125000, 'CASH', '2017-05-26 14:36:38', 125000, 2500, 122500, 0, 'D'),
(317, '897', 28, 130000, 'CASH', '2017-05-26 14:37:17', 130000, 3900, 126100, 0, 'D'),
(318, '561', 29, 110000, 'CASH', '2017-05-26 14:37:56', 110000, 2200, 107800, 0, 'D'),
(319, '561', 29, 110000, 'CASH', '2017-05-26 14:37:56', 110000, 2200, 107800, 0, 'D'),
(320, '888', 30, 110000, 'CASH', '2017-05-26 14:38:28', 110000, 2200, 107800, 0, 'D'),
(321, '565', 31, 190000, 'CASH', '2017-05-26 14:39:12', 190000, 3800, 186200, 0, 'D'),
(322, '777', 32, 110000, 'CASH', '2017-05-26 14:39:59', 110000, 3300, 106700, 0, 'D'),
(323, '889', 33, 480000, 'CASH', '2017-05-26 14:41:41', 480000, 9600, 470400, 0, 'D'),
(324, '632', 36, 210000, 'CASH', '2017-05-26 14:42:40', 210000, 6300, 203700, 0, 'D'),
(325, '220', 37, 210000, 'CASH', '2017-05-26 14:43:19', 210000, 4200, 205800, 0, 'D'),
(326, '225', 38, 520000, 'CASH', '2017-05-26 14:44:54', 520000, 10400, 509600, 0, 'D'),
(327, '443', 39, 120000, 'CASH', '2017-05-26 14:45:30', 120000, 3600, 116400, 0, 'D'),
(328, '220', 37, 48000, 'CASH', '2017-05-26 14:59:04', 48000, 960, 47040, 0, 'D'),
(329, '225', 38, 200000, 'CASH', '2017-05-26 14:59:37', 200000, 6000, 194000, 0, 'D'),
(330, '443', 39, 180000, 'CASH', '2017-05-26 15:00:21', 18000, 7200, 172800, 162000, 'D'),
(331, '443', 39, 130000, 'CASH', '2017-05-26 15:00:55', 130000, 2600, 127400, 0, 'D'),
(332, '775', 40, 130000, 'CASH', '2017-05-26 15:01:30', 130000, 2600, 127400, 0, 'D'),
(333, '441', 42, 220000, 'CASH', '2017-05-26 15:02:13', 220000, 6600, 213400, 0, 'D'),
(334, '820', 43, 14000, 'CASH', '2017-05-26 15:03:09', 14000, 280, 13720, 0, 'D'),
(335, '661', 45, 470000, 'CASH', '2017-05-26 15:03:55', 470000, 9400, 460600, 0, 'D'),
(336, '661', 45, 210000, 'CASH', '2017-05-26 15:04:27', 210000, 22050, 187950, 0, 'D'),
(337, '254', 46, 40000, 'CASH', '2017-05-26 15:05:15', 40000, 800, 39200, 0, 'D'),
(338, '436', 47, 110000, 'CASH', '2017-05-26 15:06:16', 110000, 5500, 104500, 0, 'D'),
(339, '432', 50, 110000, 'CASH', '2017-05-26 15:06:49', 110000, 5500, 104500, 0, 'D'),
(340, '221', 51, 130000, 'CASH', '2017-05-26 15:07:21', 130000, 6500, 123500, 0, 'D'),
(341, '222', 52, 125000, 'CASH', '2017-05-26 15:08:27', 125000, 3750, 121250, 0, 'D'),
(342, '653', 54, 130000, 'CASH', '2017-05-26 15:09:09', 130000, 2600, 127400, 0, 'D'),
(343, '257', 57, 125000, 'CASH', '2017-05-26 15:09:59', 125000, 2500, 122500, 0, 'D'),
(344, '987', 58, 130000, 'CASH', '2017-05-26 15:10:38', 130000, 3900, 126100, 0, 'D'),
(345, '920', 60, 110000, 'CASH', '2017-05-26 15:12:03', 110000, 2200, 107800, 0, 'D'),
(346, '963', 61, 190000, 'CASH', '2017-05-26 15:12:33', 190000, 3800, 186200, 0, 'D'),
(347, '631', 62, 145000, 'CASH', '2017-05-26 15:13:15', 145000, 4350, 140650, 0, 'D'),
(348, '910', 63, 110000, 'CASH', '2017-05-26 15:13:59', 110000, 3300, 106700, 0, 'D'),
(349, '019', 65, 480000, 'CASH', '2017-05-26 15:14:35', 480000, 9600, 470400, 0, 'D'),
(350, '091', 66, 210000, 'CASH', '2017-05-26 15:15:07', 210000, 6300, 203700, 0, 'D'),
(351, '801', 67, 210000, 'CASH', '2017-05-26 15:16:27', 210000, 4200, 205800, 0, 'D'),
(352, '108', 68, 520000, 'CASH', '2017-05-26 15:17:01', 520000, 10400, 509600, 0, 'D'),
(353, '018', 69, 120000, 'CASH', '2017-05-26 15:18:29', 120000, 3600, 116400, 0, 'D'),
(354, '018', 69, 120000, 'CASH', '2017-05-26 15:18:29', 120000, 3600, 116400, 0, 'D'),
(355, '081', 70, 12000, 'CASH', '2017-05-26 15:19:48', 12000, 240, 11760, 0, 'D'),
(356, '701', 71, 200000, 'CASH', '2017-05-26 15:21:02', 200000, 6000, 194000, 0, 'D'),
(357, '107', 72, 180000, 'CASH', '2017-05-26 15:22:03', 180000, 7200, 172800, 0, 'D'),
(358, '017', 73, 130000, 'CASH', '2017-05-26 15:22:41', 130000, 2600, 127400, 0, 'D'),
(359, '071', 74, 130000, 'CASH', '2017-05-26 15:23:14', 130000, 2600, 127400, 0, 'D'),
(360, '601', 75, 220000, 'CASH', '2017-05-26 15:23:48', 220000, 6600, 213400, 0, 'D'),
(361, '501', 76, 140000, 'CASH', '2017-05-26 15:24:37', 140000, 2800, 137200, 0, 'D'),
(362, '010', 78, 470000, 'CASH', '2017-05-26 15:25:25', 470000, 9400, 460600, 0, 'D'),
(363, '001', 79, 210000, 'CASH', '2017-05-26 15:26:12', 210000, 22050, 187950, 0, 'D'),
(364, '001', 79, 40000, 'CASH', '2017-05-26 15:27:12', 40000, 800, 39200, 0, 'D'),
(365, '100', 80, 110000, 'CASH', '2017-05-26 15:27:52', 110000, 5500, 104500, 0, 'D'),
(366, '123', 81, 110000, 'CASH', '2017-05-26 15:30:59', 110000, 5500, 104500, 0, 'D'),
(367, '321', 82, 130000, 'CASH', '2017-05-26 15:31:47', 130000, 6500, 123500, 0, 'D'),
(368, '213', 83, 125000, 'CASH', '2017-05-26 15:32:30', 125000, 3750, 121250, 0, 'D'),
(369, '258', 85, 130000, 'CASH', '2017-05-26 15:33:20', 130000, 2600, 127400, 0, 'D'),
(370, '147', 86, 125000, 'CASH', '2017-05-26 15:33:55', 125000, 2500, 122500, 0, 'D'),
(371, '369', 87, 130000, 'CASH', '2017-05-26 15:35:20', 130000, 3900, 126100, 0, 'D'),
(372, '98', 89, 110000, 'CASH', '2017-05-26 15:36:08', 110000, 2200, 107800, 0, 'D'),
(373, '693', 90, 190000, 'CASH', '2017-05-26 15:38:09', 190000, 3800, 186200, 0, 'D'),
(374, '456', 91, 190000, 'CASH', '2017-05-26 15:38:58', 190000, 3800, 186200, 0, 'D'),
(375, '027', 95, 145000, 'CASH', '2017-05-26 15:42:01', 145000, 4350, 140650, 0, 'D'),
(376, '207', 96, 110000, 'CASH', '2017-05-26 15:42:37', 110000, 3300, 106700, 0, 'D'),
(377, '702', 97, 480000, 'CASH', '2017-05-26 15:43:20', 480000, 9600, 470400, 0, 'D'),
(378, '072', 98, 210000, 'CASH', '2017-05-26 15:44:18', 210000, 6300, 203700, 0, 'D'),
(379, '089', 99, 210000, 'CASH', '2017-05-26 15:45:12', 210000, 4200, 205800, 0, 'D'),
(380, '908', 100, 520000, 'CASH', '2017-05-26 15:46:45', 520000, 10400, 509600, 0, 'D'),
(381, '003', 103, 120000, 'CASH', '2017-05-26 15:47:21', 120000, 3600, 116400, 0, 'D'),
(382, '1', 1, 40000, 'CASH', '2017-05-26 16:08:43', 40000, 800, 39200, 0, 'D'),
(383, '1', 1, 1440, 'CASH', '2017-05-26 23:29:36', 500, 72, 1368, 940, 'D'),
(384, '1', 1, 40000, 'CASH', '2017-05-27 13:12:18', 40000, 800, 39200, 0, 'D'),
(385, '1', 1, 40000, 'CASH', '2017-05-27 13:12:18', 40000, 800, 39200, 0, 'D'),
(386, '3', 2, 109340, 'CASH', '2017-05-27 13:14:02', 109340, 5467, 103873, 0, 'D'),
(387, '5', 3, 110000, 'CASH', '2017-05-27 13:15:41', 110000, 5500, 104500, 0, 'D'),
(388, '6', 4, 129220, 'CASH', '2017-05-27 13:16:33', 129220, 6461, 122759, 0, 'D'),
(389, '4', 5, 125000, 'CASH', '2017-05-27 13:18:26', 125000, 3750, 121250, 0, 'D'),
(390, '10', 6, 130000, 'CASH', '2017-05-27 13:19:06', 130000, 2600, 127400, 0, 'D'),
(391, '23', 12, 125000, 'CASH', '2017-05-27 13:19:30', 125000, 2500, 122500, 0, 'D'),
(392, '931', 23, 130000, 'CASH', '2017-05-27 13:21:14', 130000, 3900, 126100, 0, 'D'),
(393, '831', 24, 110000, 'CASH', '2017-05-27 13:21:43', 110000, 2200, 107800, 0, 'D'),
(394, '635', 25, 190000, 'CASH', '2017-05-27 13:22:31', 190000, 3800, 186200, 0, 'D'),
(395, '555', 26, 145000, 'CASH', '2017-05-27 13:22:59', 145000, 4350, 140650, 0, 'D'),
(396, '135', 27, 110000, 'CASH', '2017-05-27 13:24:54', 110000, 3300, 106700, 0, 'D'),
(397, '897', 28, 480000, 'CASH', '2017-05-27 13:25:53', 480000, 9600, 470400, 0, 'D'),
(398, '561', 29, 210000, 'CASH', '2017-05-27 13:26:33', 210000, 6300, 203700, 0, 'D'),
(399, '888', 30, 210000, 'CASH', '2017-05-27 13:27:03', 210000, 4200, 205800, 0, 'D'),
(400, '565', 31, 520000, 'CASH', '2017-05-27 13:28:43', 520000, 10400, 509600, 0, 'D'),
(401, '777', 32, 520000, 'CASH', '2017-05-27 13:29:32', 520000, 10400, 509600, 0, 'D'),
(402, '889', 33, 120000, 'CASH', '2017-05-27 13:30:02', 120000, 3600, 116400, 0, 'D'),
(403, '632', 36, 12000, 'CASH', '2017-05-27 13:30:40', 12000, 240, 11760, 0, 'D'),
(404, '220', 37, 200000, 'CASH', '2017-05-27 13:31:05', 200000, 6000, 194000, 0, 'D'),
(405, '225', 38, 180000, 'CASH', '2017-05-27 13:32:03', 180000, 7200, 172800, 0, 'D'),
(406, '443', 39, 130000, 'CASH', '2017-05-27 13:33:00', 130000, 2600, 127400, 0, 'D'),
(407, '775', 40, 220000, 'CASH', '2017-05-27 13:33:52', 220000, 6600, 213400, 0, 'D'),
(408, '441', 42, 14000, 'CASH', '2017-05-27 13:34:34', 14000, 280, 13720, 0, 'D'),
(409, '820', 43, 470000, 'CASH', '2017-05-27 13:35:02', 470000, 9400, 460600, 0, 'D'),
(410, '661', 45, 210000, 'CASH', '2017-05-27 13:35:42', 210000, 22050, 187950, 0, 'D'),
(411, '254', 46, 40000, 'CASH', '2017-05-27 13:36:25', 40000, 800, 39200, 0, 'D'),
(412, '436', 47, 110000, 'CASH', '2017-05-27 13:37:23', 110000, 5500, 104500, 0, 'D'),
(413, '432', 50, 110000, 'CASH', '2017-05-27 13:38:07', 110000, 5500, 104500, 0, 'D'),
(414, '221', 51, 130000, 'CASH', '2017-05-27 13:38:46', 130000, 6500, 123500, 0, 'D'),
(415, '222', 52, 125000, 'CASH', '2017-05-27 13:39:53', 125000, 3750, 121250, 0, 'D'),
(416, '653', 54, 130000, 'CASH', '2017-05-27 13:40:37', 130000, 2600, 127400, 0, 'D'),
(417, '257', 57, 125000, 'CASH', '2017-05-27 13:41:27', 125000, 2500, 122500, 0, 'D'),
(418, '987', 58, 130000, 'CASH', '2017-05-27 13:47:50', 130000, 3900, 126100, 0, 'D'),
(419, '920', 60, 110000, 'CASH', '2017-05-27 13:48:46', 110000, 2200, 107800, 0, 'D'),
(420, '963', 61, 190000, 'CASH', '2017-05-27 13:49:25', 190000, 3800, 186200, 0, 'D'),
(421, '631', 62, 145000, 'CASH', '2017-05-27 13:49:54', 145000, 4350, 140650, 0, 'D'),
(422, '910', 63, 110000, 'CASH', '2017-05-27 13:50:31', 110000, 3300, 106700, 0, 'D'),
(423, '019', 65, 480000, 'CASH', '2017-05-27 13:51:13', 480000, 9600, 470400, 0, 'D'),
(424, '091', 66, 210000, 'CASH', '2017-05-27 13:51:46', 210000, 6300, 203700, 0, 'D'),
(425, '801', 67, 210000, 'CASH', '2017-05-27 13:52:28', 210000, 4200, 205800, 0, 'D'),
(426, '801', 67, 520000, 'CASH', '2017-05-27 13:53:02', 520000, 10400, 509600, 0, 'D'),
(427, '108', 68, 120000, 'CASH', '2017-05-27 13:53:36', 120000, 3600, 116400, 0, 'D'),
(428, '018', 69, 12000, 'CASH', '2017-05-27 13:55:05', 12000, 240, 11760, 0, 'D'),
(429, '081', 70, 200000, 'CASH', '2017-05-27 13:57:01', 200000, 6000, 194000, 0, 'D'),
(430, '701', 71, 180000, 'CASH', '2017-05-27 13:57:47', 180000, 7200, 172800, 0, 'D'),
(431, '107', 72, 130000, 'CASH', '2017-05-27 13:58:55', 130000, 2600, 127400, 0, 'D'),
(432, '017', 73, 220000, 'CASH', '2017-05-27 15:20:21', 220000, 6600, 213400, 0, 'D'),
(433, '071', 74, 14000, 'CASH', '2017-05-27 15:20:59', 14000, 280, 13720, 0, 'D'),
(434, '601', 75, 470000, 'CASH', '2017-05-27 15:21:46', 470000, 9400, 460600, 0, 'D'),
(435, '501', 76, 210000, 'CASH', '2017-05-27 15:22:16', 210000, 22050, 187950, 0, 'D'),
(436, '010', 78, 40000, 'CASH', '2017-05-27 15:23:39', 40000, 800, 39200, 0, 'D'),
(437, '001', 79, 110000, 'CASH', '2017-05-27 15:24:52', 110000, 5500, 104500, 0, 'D'),
(438, '001', 79, 110000, 'CASH', '2017-05-27 15:25:44', 110000, 5500, 104500, 0, 'D'),
(439, '100', 80, 110000, 'CASH', '2017-05-27 15:30:29', 11000, 5500, 104500, 99000, 'D'),
(440, '100', 80, 130000, 'CASH', '2017-05-27 15:31:08', 130000, 6500, 123500, 0, 'D'),
(441, '123', 81, 125000, 'CASH', '2017-05-27 15:33:25', 125000, 3750, 121250, 0, 'D'),
(442, '321', 82, 130000, 'CASH', '2017-05-27 15:34:56', 130000, 2600, 127400, 0, 'D'),
(443, '213', 83, 130000, 'CASH', '2017-05-27 15:35:34', 130000, 2600, 127400, 0, 'D'),
(444, '258', 85, 125000, 'CASH', '2017-05-27 15:36:25', 125000, 2500, 122500, 0, 'D'),
(445, '3', 2, 220, 'CASH', '2017-05-28 05:00:47', 30, 11, 209, 190, 'D'),
(446, '5', 3, 330, 'CASH', '2017-05-28 05:04:28', 30, 16.5, 313.5, 300, 'D'),
(447, '6', 4, 260, 'CASH', '2017-05-28 05:07:10', 40, 13, 247, 220, 'D'),
(448, '3', 2, 220, 'CASH', '2017-05-28 23:36:15', 50, 11, 209, 170, 'D'),
(449, '5', 3, 220, 'CASH', '2017-05-28 23:36:47', 60, 11, 209, 160, 'D'),
(450, '5', 3, 550, 'CASH', '2017-05-28 23:37:56', 500, 27.5, 522.5, 50, 'D'),
(451, '3', 2, 40000, 'CASH', '2017-05-29 13:05:51', 40000, 800, 39200, 0, 'D'),
(452, '3', 2, 40000, 'CASH', '2017-05-29 13:05:51', 40000, 800, 39200, 0, 'D'),
(453, '6', 4, 110000, 'CASH', '2017-05-29 13:06:42', 60000, 5500, 104500, 50000, 'D'),
(454, '1', 1, 40000, 'CASH', '2017-05-29 13:11:41', 40000, 800, 39200, 0, 'D'),
(455, '3', 2, 109450, 'CASH', '2017-05-29 13:12:16', 109450, 5472.5, 103977.5, 0, 'D'),
(456, '5', 3, 109010, 'CASH', '2017-05-29 13:13:22', 109010, 5450.5, 103559.5, 0, 'D'),
(457, '5', 3, 110000, 'CASH', '2017-05-29 13:13:59', 110000, 5500, 104500, 0, 'D'),
(458, '6', 4, 129740, 'CASH', '2017-05-29 13:14:43', 129740, 6487, 123253, 0, 'D'),
(459, '4', 5, 125000, 'CASH', '2017-05-29 13:15:12', 125000, 3750, 121250, 0, 'D'),
(460, '10', 6, 130000, 'CASH', '2017-05-29 13:16:07', 130000, 2600, 127400, 0, 'D'),
(461, '23', 12, 125000, 'CASH', '2017-05-29 13:16:50', 125000, 2500, 122500, 0, 'D'),
(462, '931', 23, 130000, 'CASH', '2017-05-29 13:17:18', 130000, 3900, 126100, 0, 'D'),
(463, '931', 23, 130000, 'CASH', '2017-05-29 13:17:18', 130000, 3900, 126100, 0, 'D'),
(464, '831', 24, 110000, 'CASH', '2017-05-29 13:17:58', 110000, 2200, 107800, 0, 'D'),
(465, '635', 25, 190000, 'CASH', '2017-05-29 13:38:52', 190000, 3800, 186200, 0, 'D'),
(466, '555', 26, 145000, 'CASH', '2017-05-29 13:39:22', 145000, 4350, 140650, 0, 'D'),
(467, '135', 27, 110000, 'CASH', '2017-05-29 13:40:08', 110000, 3300, 106700, 0, 'D'),
(468, '897', 28, 480000, 'CASH', '2017-05-29 13:40:53', 480000, 9600, 470400, 0, 'D'),
(469, '897', 28, 480000, 'CASH', '2017-05-29 13:41:20', 480000, 9600, 470400, 0, 'D'),
(470, '561', 29, 210000, 'CASH', '2017-05-29 13:42:09', 210000, 6300, 203700, 0, 'D'),
(471, '888', 30, 210000, 'CASH', '2017-05-29 13:43:17', 210000, 4200, 205800, 0, 'D'),
(472, '565', 31, 520000, 'CASH', '2017-05-29 13:44:05', 520000, 10400, 509600, 0, 'D'),
(473, '777', 32, 120000, 'CASH', '2017-05-29 13:44:45', 120000, 3600, 116400, 0, 'D'),
(474, '889', 33, 12000, 'CASH', '2017-05-29 13:45:31', 0, 240, 11760, 12000, 'D'),
(475, '632', 36, 200000, 'CASH', '2017-05-29 13:46:08', 100000, 6000, 194000, 100000, 'D'),
(476, '220', 37, 180000, 'CASH', '2017-05-29 13:46:46', 180000, 7200, 172800, 0, 'D'),
(477, '225', 38, 130000, 'CASH', '2017-05-29 13:47:21', 130000, 2600, 127400, 0, 'D'),
(478, '443', 39, 220000, 'CASH', '2017-05-29 13:47:51', 220000, 6600, 213400, 0, 'D'),
(479, '775', 40, 220000, 'CASH', '2017-05-29 13:48:23', 220000, 6600, 213400, 0, 'D'),
(480, '441', 42, 14000, 'CASH', '2017-05-29 13:49:01', 14000, 280, 13720, 0, 'D'),
(481, '820', 43, 470000, 'CASH', '2017-05-29 13:49:32', 270000, 9400, 460600, 200000, 'D'),
(482, '661', 45, 210000, 'CASH', '2017-05-29 13:50:05', 210000, 22050, 187950, 0, 'D'),
(483, '661', 45, 200000, 'CASH', '2017-05-29 13:50:54', 200000, 4000, 196000, 0, 'D'),
(484, '254', 46, 110000, 'CASH', '2017-05-29 13:51:47', 110000, 5500, 104500, 0, 'D'),
(485, '436', 47, 110000, 'CASH', '2017-05-29 13:52:19', 110000, 5500, 104500, 0, 'D'),
(486, '432', 50, 130000, 'CASH', '2017-05-29 13:52:56', 130000, 6500, 123500, 0, 'D'),
(487, '221', 51, 125000, 'CASH', '2017-05-29 13:53:34', 125000, 3750, 121250, 0, 'D'),
(488, '222', 52, 130000, 'CASH', '2017-05-29 13:54:45', 130000, 2600, 127400, 0, 'D'),
(489, '653', 54, 125000, 'CASH', '2017-05-29 13:55:17', 125000, 2500, 122500, 0, 'D'),
(490, '257', 57, 130000, 'CASH', '2017-05-29 13:56:00', 130000, 3900, 126100, 0, 'D'),
(491, '987', 58, 110000, 'CASH', '2017-05-29 13:56:47', 110000, 2200, 107800, 0, 'D'),
(492, '920', 60, 110000, 'CASH', '2017-05-29 13:57:25', 110000, 2200, 107800, 0, 'D'),
(493, '963', 61, 190000, 'CASH', '2017-05-29 13:57:58', 100000, 3800, 186200, 90000, 'D'),
(494, '631', 62, 145000, 'CASH', '2017-05-29 13:58:32', 145000, 4350, 140650, 0, 'D'),
(495, '910', 63, 110000, 'CASH', '2017-05-29 13:59:23', 110000, 3300, 106700, 0, 'D'),
(496, '019', 65, 480000, 'CASH', '2017-05-29 14:00:12', 280000, 9600, 470400, 200000, 'D'),
(497, '091', 66, 210000, 'CASH', '2017-05-29 14:00:59', 210000, 6300, 203700, 0, 'D'),
(498, '801', 67, 210000, 'CASH', '2017-05-29 14:01:33', 210000, 4200, 205800, 0, 'D'),
(499, '108', 68, 520000, 'CASH', '2017-05-29 14:02:14', 420000, 10400, 509600, 100000, 'D'),
(500, '018', 69, 120000, 'CASH', '2017-05-29 14:02:51', 120000, 3600, 116400, 0, 'D'),
(501, '081', 70, 84000, 'CASH', '2017-05-29 14:03:29', 84000, 1680, 82320, 0, 'D'),
(502, '701', 71, 200000, 'CASH', '2017-05-29 14:04:07', 200000, 6000, 194000, 0, 'D'),
(503, '107', 72, 180000, 'CASH', '2017-05-29 14:04:45', 180000, 7200, 172800, 0, 'D'),
(504, '017', 73, 130000, 'CASH', '2017-05-29 14:05:20', 130000, 2600, 127400, 0, 'D'),
(505, '071', 74, 220000, 'CASH', '2017-05-29 14:06:02', 220000, 6600, 213400, 0, 'D'),
(506, '601', 75, 98000, 'CASH', '2017-05-29 14:06:40', 98000, 1960, 96040, 0, 'D'),
(507, '501', 76, 470000, 'CASH', '2017-05-29 14:07:45', 370000, 9400, 460600, 100000, 'D'),
(508, '010', 78, 210000, 'CASH', '2017-05-29 14:08:41', 210000, 22050, 187950, 0, 'D'),
(509, '001', 79, 40000, 'CASH', '2017-05-29 14:09:38', 40000, 800, 39200, 0, 'D'),
(510, '100', 80, 110000, 'CASH', '2017-05-29 14:10:09', 110000, 5500, 104500, 0, 'D'),
(511, '123', 81, 110000, 'CASH', '2017-05-29 14:10:40', 110000, 5500, 104500, 0, 'D'),
(512, '321', 82, 130000, 'CASH', '2017-05-29 14:11:14', 130000, 6500, 123500, 0, 'D'),
(513, '213', 83, 125000, 'CASH', '2017-05-29 14:11:49', 125000, 3750, 121250, 0, 'D'),
(514, '258', 85, 130000, 'CASH', '2017-05-29 14:12:35', 130000, 2600, 127400, 0, 'D'),
(515, '147', 86, 125000, 'CASH', '2017-05-29 14:13:26', 125000, 2500, 122500, 0, 'D'),
(516, '369', 87, 130000, 'CASH', '2017-05-29 14:14:06', 130000, 3900, 126100, 0, 'D'),
(517, '98', 89, 110000, 'CASH', '2017-05-29 14:14:43', 110000, 2200, 107800, 0, 'D'),
(518, '693', 90, 145000, 'CASH', '2017-05-29 14:17:17', 145000, 4350, 140650, 0, 'D'),
(519, '456', 91, 190000, 'CASH', '2017-05-29 14:17:47', 190000, 3800, 186200, 0, 'D'),
(520, '027', 95, 110000, 'CASH', '2017-05-29 14:18:21', 110000, 3300, 106700, 0, 'D'),
(521, '207', 96, 480000, 'CASH', '2017-05-29 14:18:59', 300000, 9600, 470400, 180000, 'D'),
(522, '702', 97, 210000, 'CASH', '2017-05-29 14:20:18', 210000, 6300, 203700, 0, 'D'),
(523, '072', 98, 210000, 'CASH', '2017-05-29 14:21:02', 210000, 4200, 205800, 0, 'D'),
(524, '072', 98, 520000, 'CASH', '2017-05-29 14:21:48', 400000, 10400, 509600, 120000, NULL),
(525, '089', 99, 120000, 'CASH', '2017-05-29 14:22:31', 120000, 3600, 116400, 0, NULL),
(526, '908', 100, 12000, 'CASH', '2017-05-29 14:24:30', 12000, 240, 11760, 0, NULL),
(527, '003', 103, 200000, 'CASH', '2017-05-29 14:25:09', 200000, 6000, 194000, 0, NULL),
(528, '1', 1, 180000, 'CASH', '2017-05-29 14:28:20', 180000, 7200, 172800, 0, NULL),
(529, '3', 2, 130000, 'CASH', '2017-05-29 14:29:05', 130000, 2600, 127400, 0, NULL),
(530, '5', 3, 220000, 'CASH', '2017-05-29 14:29:34', 220000, 6600, 213400, 0, NULL),
(531, '6', 4, 14000, 'CASH', '2017-05-29 14:29:58', 14000, 280, 13720, 0, NULL),
(532, '4', 5, 470000, 'CASH', '2017-05-29 14:30:29', 470000, 9400, 460600, 0, NULL),
(533, '10', 6, 470000, 'CASH', '2017-05-29 14:30:56', 470000, 9400, 460600, 0, NULL),
(534, '23', 12, 210000, 'CASH', '2017-05-29 14:31:45', 210000, 22050, 187950, 0, NULL),
(535, '931', 23, 40000, 'CASH', '2017-05-29 14:32:40', 40000, 800, 39200, 0, NULL),
(536, '831', 24, 110000, 'CASH', '2017-05-29 14:33:18', 110000, 5500, 104500, 0, NULL),
(537, '635', 25, 110000, 'CASH', '2017-05-29 14:33:45', 110000, 5500, 104500, 0, NULL),
(538, '555', 26, 130000, 'CASH', '2017-05-29 14:34:26', 130000, 6500, 123500, 0, NULL),
(539, '135', 27, 125000, 'CASH', '2017-05-29 14:34:51', 125000, 3750, 121250, 0, NULL),
(540, '897', 28, 130000, 'CASH', '2017-05-29 14:35:27', 130000, 2600, 127400, 0, NULL),
(541, '561', 29, 125000, 'CASH', '2017-05-29 14:36:14', 125000, 2500, 122500, 0, NULL),
(542, '888', 30, 130000, 'CASH', '2017-05-29 14:36:41', 130000, 3900, 126100, 0, NULL),
(543, '565', 31, 110000, 'CASH', '2017-05-29 14:37:34', 110000, 2200, 107800, 0, NULL),
(544, '777', 32, 190000, 'CASH', '2017-05-29 14:38:06', 190000, 3800, 186200, 0, NULL),
(545, '889', 33, 145000, 'CASH', '2017-05-29 14:38:47', 145000, 4350, 140650, 0, NULL),
(546, '632', 36, 110000, 'CASH', '2017-05-29 14:39:16', 110000, 3300, 106700, 0, NULL),
(547, '220', 37, 480000, 'CASH', '2017-05-29 14:39:42', 380000, 9600, 470400, 100000, NULL),
(548, '225', 38, 210000, 'CASH', '2017-05-29 14:40:20', 210000, 6300, 203700, 0, NULL),
(549, '443', 39, 210000, 'CASH', '2017-05-29 14:40:48', 210000, 4200, 205800, 0, NULL),
(550, '775', 40, 520000, 'CASH', '2017-05-29 14:41:18', 520000, 10400, 509600, 0, NULL),
(551, '441', 42, 120000, 'CASH', '2017-05-29 14:42:06', 120000, 3600, 116400, 0, NULL),
(552, '820', 43, 12000, 'CASH', '2017-05-29 14:42:36', 12000, 240, 11760, 0, NULL),
(553, '661', 45, 200000, 'CASH', '2017-05-29 14:43:13', 200000, 6000, 194000, 0, NULL),
(554, '254', 46, 180000, 'CASH', '2017-05-29 14:43:48', 180000, 7200, 172800, 0, NULL),
(555, '436', 47, 130000, 'CASH', '2017-05-29 14:44:16', 130000, 2600, 127400, 0, NULL),
(556, '432', 50, 130000, 'CASH', '2017-05-29 14:44:44', 130000, 2600, 127400, 0, NULL),
(557, '221', 51, 220000, 'CASH', '2017-05-29 14:45:15', 220000, 6600, 213400, 0, NULL),
(558, '222', 52, 14000, 'CASH', '2017-05-29 14:45:57', 14000, 280, 13720, 0, NULL),
(559, '653', 54, 470000, 'CASH', '2017-05-29 14:46:23', 270000, 9400, 460600, 200000, NULL),
(560, '257', 57, 210000, 'CASH', '2017-05-29 14:46:59', 210000, 22050, 187950, 0, NULL),
(561, '987', 58, 40000, 'CASH', '2017-05-29 14:47:37', 40000, 800, 39200, 0, NULL),
(562, '920', 60, 110000, 'CASH', '2017-05-29 14:48:01', 110000, 5500, 104500, 0, NULL),
(563, '963', 61, 110000, 'CASH', '2017-05-29 14:48:28', 110000, 5500, 104500, 0, NULL),
(564, '631', 62, 130000, 'CASH', '2017-05-29 14:49:18', 130000, 6500, 123500, 0, NULL),
(565, '910', 63, 125000, 'CASH', '2017-05-29 14:49:46', 125000, 3750, 121250, 0, NULL),
(566, '019', 65, 130000, 'CASH', '2017-05-29 14:50:20', 130000, 2600, 127400, 0, NULL),
(567, '091', 66, 125000, 'CASH', '2017-05-29 14:50:53', 125000, 2500, 122500, 0, NULL),
(568, '801', 67, 130000, 'CASH', '2017-05-29 14:51:24', 130000, 3900, 126100, 0, NULL),
(569, '108', 68, 110000, 'CASH', '2017-05-29 14:51:52', 110000, 2200, 107800, 0, NULL),
(570, '018', 69, 190000, 'CASH', '2017-05-29 14:52:54', 190000, 3800, 186200, 0, NULL),
(571, '081', 70, 145000, 'CASH', '2017-05-29 14:53:28', 145000, 4350, 140650, 0, NULL),
(572, '701', 71, 110000, 'CASH', '2017-05-29 14:54:03', 110000, 3300, 106700, 0, NULL),
(573, '107', 72, 480000, 'CASH', '2017-05-29 14:54:50', 480000, 9600, 470400, 0, NULL),
(574, '017', 73, 480000, 'CASH', '2017-05-29 14:55:24', 480000, 9600, 470400, 0, NULL),
(575, '071', 74, 210000, 'CASH', '2017-05-29 14:56:10', 210000, 6300, 203700, 0, NULL),
(576, '601', 75, 210000, 'CASH', '2017-05-29 14:56:59', 210000, 4200, 205800, 0, NULL),
(577, '501', 76, 520000, 'CASH', '2017-05-29 14:57:40', 520000, 10400, 509600, 0, NULL),
(578, '010', 78, 120000, 'CASH', '2017-05-29 14:58:38', 120000, 3600, 116400, 0, NULL),
(579, '001', 79, 12000, 'CASH', '2017-05-29 14:59:31', 12000, 240, 11760, 0, NULL),
(580, '100', 80, 200000, 'CASH', '2017-05-29 15:00:24', 200000, 6000, 194000, 0, NULL),
(581, '123', 81, 180000, 'CASH', '2017-05-29 15:01:12', 180000, 7200, 172800, 0, NULL),
(582, '321', 82, 130000, 'CASH', '2017-05-29 15:01:44', 130000, 2600, 127400, 0, NULL),
(583, '213', 83, 220000, 'CASH', '2017-05-29 15:02:23', 220000, 6600, 213400, 0, NULL),
(584, '258', 85, 14000, 'CASH', '2017-05-29 15:03:01', 14000, 280, 13720, 0, NULL),
(585, '147', 86, 470000, 'CASH', '2017-05-29 15:03:40', 470000, 9400, 460600, 0, NULL),
(586, '369', 87, 210000, 'CASH', '2017-05-29 15:04:30', 210000, 22050, 187950, 0, NULL),
(587, '98', 89, 40000, 'CASH', '2017-05-29 15:05:16', 40000, 800, 39200, 0, NULL),
(588, '693', 90, 110000, 'CASH', '2017-05-29 15:05:44', 110000, 5500, 104500, 0, NULL),
(589, '456', 91, 110000, 'CASH', '2017-05-29 15:06:08', 110000, 5500, 104500, 0, NULL),
(590, '027', 95, 130000, 'CASH', '2017-05-29 15:06:41', 130000, 6500, 123500, 0, NULL),
(591, '207', 96, 125000, 'CASH', '2017-05-29 15:07:09', 125000, 3750, 121250, 0, NULL),
(592, '702', 97, 130000, 'CASH', '2017-05-29 15:08:03', 130000, 2600, 127400, 0, NULL),
(593, '072', 98, 125000, 'CASH', '2017-05-29 15:08:31', 125000, 2500, 122500, 0, NULL),
(594, '089', 99, 130000, 'CASH', '2017-05-29 15:08:55', 130000, 3900, 126100, 0, NULL);
INSERT INTO `td_purchase_history` (`bill_no`, `godown_no`, `customer_id`, `bill_amount`, `payment_type`, `bill_date`, `paid_amount`, `vat_amount`, `basic_amount`, `due_amount`, `processed`) VALUES
(595, '908', 100, 110000, 'CASH', '2017-05-29 15:09:24', 110000, 2200, 107800, 0, NULL),
(596, '003', 103, 190000, 'CASH', '2017-05-29 15:10:45', 190000, 3800, 186200, 0, NULL),
(597, '1', 1, 145000, 'CASH', '2017-05-29 15:11:20', 145000, 4350, 140650, 0, NULL),
(598, '3', 2, 110000, 'CASH', '2017-05-29 15:12:19', 110000, 3300, 106700, 0, NULL),
(599, '5', 3, 480000, 'CASH', '2017-05-29 15:13:17', 480000, 9600, 470400, 0, NULL),
(600, '6', 4, 210000, 'CASH', '2017-05-29 15:13:45', 210000, 6300, 203700, 0, NULL),
(601, '4', 5, 210000, 'CASH', '2017-05-29 15:14:17', 210000, 4200, 205800, 0, NULL),
(602, '10', 6, 520000, 'CASH', '2017-05-29 15:15:18', 520000, 10400, 509600, 0, NULL),
(603, '23', 12, 120000, 'CASH', '2017-05-29 15:16:01', 120000, 3600, 116400, 0, NULL),
(604, '931', 23, 12000, 'CASH', '2017-05-29 15:16:25', 12000, 240, 11760, 0, NULL),
(605, '831', 24, 200000, 'CASH', '2017-05-29 15:16:50', 2000, 6000, 194000, 198000, NULL),
(606, '635', 25, 180000, 'CASH', '2017-05-29 15:17:33', 180000, 7200, 172800, 0, NULL),
(607, '555', 26, 130000, 'CASH', '2017-05-29 15:18:16', 130000, 2600, 127400, 0, NULL),
(608, '135', 27, 14000, 'CASH', '2017-05-29 15:18:44', 14000, 280, 13720, 0, NULL),
(609, '897', 28, 470000, 'CASH', '2017-05-29 15:19:10', 470000, 9400, 460600, 0, NULL),
(610, '561', 29, 210000, 'CASH', '2017-05-29 15:19:44', 210000, 22050, 187950, 0, NULL),
(611, '555', 26, 40000, 'CASH', '2017-05-29 15:20:15', 40000, 800, 39200, 0, NULL),
(612, '888', 30, 110000, 'CASH', '2017-05-29 15:23:55', 110000, 5500, 104500, 0, NULL),
(613, '565', 31, 110000, 'CASH', '2017-05-29 15:24:48', 110000, 5500, 104500, 0, NULL),
(614, '777', 32, 130000, 'CASH', '2017-05-29 15:25:39', 130000, 6500, 123500, 0, NULL),
(615, '889', 33, 125000, 'CASH', '2017-05-29 15:26:39', 125000, 3750, 121250, 0, NULL),
(616, '632', 36, 130000, 'CASH', '2017-05-29 15:27:22', 130000, 2600, 127400, 0, NULL),
(617, '220', 37, 125000, 'CASH', '2017-05-29 15:31:15', 125000, 2500, 122500, 0, NULL),
(618, '225', 38, 130000, 'CASH', '2017-05-29 15:32:53', 130000, 3900, 126100, 0, NULL),
(619, '443', 39, 110000, 'CASH', '2017-05-29 15:34:32', 110000, 2200, 107800, 0, NULL),
(620, '775', 40, 190000, 'CASH', '2017-05-29 15:35:42', 190000, 3800, 186200, 0, NULL),
(621, '441', 42, 145000, 'CASH', '2017-05-29 15:36:15', 145000, 4350, 140650, 0, NULL),
(622, '820', 43, 110000, 'CASH', '2017-05-29 15:37:01', 110000, 3300, 106700, 0, NULL),
(623, '661', 45, 480000, 'CASH', '2017-05-29 15:37:39', 480000, 9600, 470400, 0, NULL),
(624, '254', 46, 210000, 'CASH', '2017-05-29 15:38:18', 210000, 6300, 203700, 0, NULL),
(625, '436', 47, 210000, 'CASH', '2017-05-29 15:38:44', 210000, 4200, 205800, 0, NULL),
(626, '432', 50, 520000, 'CASH', '2017-05-29 15:39:11', 520000, 10400, 509600, 0, NULL),
(627, '221', 51, 120000, 'CASH', '2017-05-29 15:39:50', 120000, 3600, 116400, 0, NULL),
(628, '222', 52, 120000, 'CASH', '2017-05-29 15:40:19', 120000, 3600, 116400, 0, NULL),
(629, '653', 54, 12000, 'CASH', '2017-05-29 15:42:15', 12000, 240, 11760, 0, NULL),
(630, '257', 57, 200000, 'CASH', '2017-05-29 15:43:01', 200000, 6000, 194000, 0, NULL),
(631, '987', 58, 180000, 'CASH', '2017-05-29 15:43:33', 180000, 7200, 172800, 0, NULL),
(632, '920', 60, 130000, 'CASH', '2017-05-29 15:44:55', 130000, 2600, 127400, 0, NULL),
(633, '920', 60, 220000, 'CASH', '2017-05-29 15:45:27', 220000, 6600, 213400, 0, NULL),
(634, '963', 61, 14000, 'CASH', '2017-05-29 15:46:05', 14000, 280, 13720, 0, NULL),
(635, '631', 62, 470000, 'CASH', '2017-05-29 15:46:45', 470000, 9400, 460600, 0, NULL),
(636, '910', 63, 210000, 'CASH', '2017-05-29 15:48:20', 210000, 22050, 187950, 0, NULL),
(637, '019', 65, 40000, 'CASH', '2017-05-29 15:49:01', 40000, 800, 39200, 0, NULL),
(638, '091', 66, 110000, 'CASH', '2017-05-29 15:49:45', 110000, 5500, 104500, 0, NULL),
(639, '801', 67, 110000, 'CASH', '2017-05-29 15:50:23', 110000, 5500, 104500, 0, NULL),
(640, '108', 68, 130000, 'CASH', '2017-05-29 15:50:48', 130000, 6500, 123500, 0, NULL),
(641, '018', 69, 125000, 'CASH', '2017-05-29 15:51:19', 125000, 3750, 121250, 0, NULL),
(642, '081', 70, 130000, 'CASH', '2017-05-29 15:52:33', 130000, 2600, 127400, 0, NULL),
(643, '701', 71, 125000, 'CASH', '2017-05-29 15:53:12', 125000, 2500, 122500, 0, NULL),
(644, '107', 72, 130000, 'CASH', '2017-05-29 15:53:39', 130000, 3900, 126100, 0, NULL),
(645, '017', 73, 130000, 'CASH', '2017-05-29 15:54:19', 130000, 3900, 126100, 0, NULL),
(646, '071', 74, 110000, 'CASH', '2017-05-29 15:54:50', 110000, 2200, 107800, 0, NULL),
(647, '601', 75, 110000, 'CASH', '2017-05-29 15:55:39', 110000, 2200, 107800, 0, NULL),
(648, '501', 76, 190000, 'CASH', '2017-05-29 15:56:44', 190000, 3800, 186200, 0, NULL),
(649, '010', 78, 145000, 'CASH', '2017-05-29 15:57:37', 145000, 4350, 140650, 0, NULL),
(650, '001', 79, 110000, 'CASH', '2017-05-29 15:58:32', 110000, 3300, 106700, 0, NULL),
(651, '100', 80, 480000, 'CASH', '2017-05-29 15:59:11', 480000, 9600, 470400, 0, NULL),
(652, '123', 81, 210000, 'CASH', '2017-05-29 15:59:47', 210000, 6300, 203700, 0, NULL),
(653, '321', 82, 210000, 'CASH', '2017-05-29 16:00:29', 210000, 4200, 205800, 0, NULL),
(654, '213', 83, 520000, 'CASH', '2017-05-29 16:01:03', 520000, 10400, 509600, 0, NULL),
(655, '258', 85, 120000, 'CASH', '2017-05-29 16:02:07', 120000, 3600, 116400, 0, NULL),
(656, '147', 86, 60000, 'CASH', '2017-05-29 16:02:42', 60000, 1200, 58800, 0, NULL),
(657, '147', 86, 60000, 'CASH', '2017-05-29 16:02:42', 60000, 1200, 58800, 0, NULL),
(658, '369', 87, 200000, 'CASH', '2017-05-29 16:04:16', 200000, 6000, 194000, 0, NULL),
(659, '98', 89, 180000, 'CASH', '2017-05-29 16:04:43', 180000, 7200, 172800, 0, NULL),
(660, '693', 90, 130000, 'CASH', '2017-05-29 16:05:13', 130000, 2600, 127400, 0, NULL),
(661, '456', 91, 130000, 'CASH', '2017-05-29 16:05:38', 130000, 2600, 127400, 0, NULL),
(662, '027', 95, 220000, 'CASH', '2017-05-29 16:06:05', 220000, 6600, 213400, 0, NULL),
(663, '207', 96, 220000, 'CASH', '2017-05-29 16:07:00', 220000, 6600, 213400, 0, NULL),
(664, '702', 97, 14000, 'CASH', '2017-05-29 16:07:31', 14000, 280, 13720, 0, NULL),
(665, '072', 98, 470000, 'CASH', '2017-05-29 16:07:55', 470000, 9400, 460600, 0, NULL),
(666, '089', 99, 210000, 'CASH', '2017-05-29 16:08:21', 210000, 22050, 187950, 0, NULL),
(667, '908', 100, 210000, 'CASH', '2017-05-29 16:08:46', 210000, 22050, 187950, 0, NULL),
(668, '003', 103, 140000, 'CASH', '2017-05-29 16:09:11', 140000, 2800, 137200, 0, NULL),
(669, '1', 1, 605000, 'CASH', '2017-05-30 07:13:35', 405000, 23850, 581150, 200000, NULL),
(670, '1', 1, 605000, 'CASH', '2017-05-30 07:13:35', 405000, 23850, 581150, 200000, NULL),
(671, '5', 3, 700000, 'CASH', '2017-05-30 07:20:30', 700000, 16750, 683250, 0, NULL),
(672, '6', 4, 1530000, 'CASH', '2017-05-30 07:22:08', 630000, 33800, 1496200, 900000, NULL),
(673, '4', 5, 642000, 'CASH', '2017-05-30 07:27:03', 642000, 19640, 622360, 0, NULL),
(674, '10', 6, 954000, 'CASH', '2017-05-30 07:29:21', 954000, 39130, 914870, 0, NULL),
(675, '23', 12, 605000, 'CASH', '2017-05-30 07:30:36', 605000, 23850, 581150, 0, NULL),
(676, '931', 23, 700000, 'CASH', '2017-05-30 07:31:58', 700000, 16750, 683250, 0, NULL),
(677, '831', 24, 1530000, 'CASH', '2017-05-30 07:33:03', 1530000, 33800, 1496200, 0, NULL),
(678, '635', 25, 642000, 'CASH', '2017-05-30 07:35:06', 642000, 19640, 622360, 0, NULL),
(679, '555', 26, 954000, 'CASH', '2017-05-30 07:37:08', 954000, 39130, 914870, 0, NULL),
(680, '135', 27, 605000, 'CASH', '2017-05-30 07:38:17', 605000, 23850, 581150, 0, NULL),
(681, '897', 28, 700000, 'CASH', '2017-05-30 07:39:38', 700000, 16750, 683250, 0, NULL),
(682, '897', 28, 700000, 'CASH', '2017-05-30 07:39:38', 700000, 16750, 683250, 0, NULL),
(683, '561', 29, 1530000, 'CASH', '2017-05-30 07:40:38', 1530000, 33800, 1496200, 0, NULL),
(684, '888', 30, 642000, 'CASH', '2017-05-30 07:42:17', 642000, 19640, 622360, 0, NULL),
(685, '565', 31, 954000, 'CASH', '2017-05-30 07:48:00', 954000, 39130, 914870, 0, NULL),
(686, '565', 31, 954000, 'CASH', '2017-05-30 07:48:00', 954000, 39130, 914870, 0, NULL),
(687, '777', 32, 605000, 'CASH', '2017-05-30 07:49:52', 605000, 23850, 581150, 0, NULL),
(688, '889', 33, 130000, 'CASH', '2017-05-30 07:50:55', 130000, 3900, 126100, 0, NULL),
(689, '632', 36, 1220000, 'CASH', '2017-05-30 07:52:22', 1220000, 29700, 1190300, 0, NULL),
(690, '220', 37, 1032000, 'CASH', '2017-05-30 07:54:01', 1032000, 27440, 1004560, 0, NULL),
(691, '143', 104, 680000, 'CASH', '2017-05-30 07:59:42', 680000, 31450, 648550, 0, NULL),
(692, '225', 38, 515000, 'CASH', '2017-05-30 09:11:22', 515000, 22050, 492950, 0, NULL),
(693, '443', 39, 685000, 'CASH', '2017-05-30 09:12:11', 685000, 15000, 670000, 0, NULL),
(694, '775', 40, 1155000, 'CASH', '2017-05-30 09:13:10', 1155000, 27750, 1127250, 0, NULL),
(695, '775', 40, 1032000, 'CASH', '2017-05-30 09:15:17', 1032000, 27440, 1004560, 0, NULL),
(696, '441', 42, 1044000, 'CASH', '2017-05-30 09:17:20', 1044000, 40930, 1003070, 0, NULL),
(697, '820', 43, 515000, 'CASH', '2017-05-30 09:23:33', 515000, 22050, 492950, 0, NULL),
(698, '661', 45, 685000, 'CASH', '2017-05-30 09:25:34', 685000, 15000, 670000, 0, NULL),
(699, '254', 46, 945000, 'CASH', '2017-05-30 09:26:53', 945000, 21450, 923550, 0, NULL),
(700, '436', 47, 1032000, 'CASH', '2017-05-30 09:28:36', 1032000, 27440, 1004560, 0, NULL),
(701, '432', 50, 1044000, 'CASH', '2017-05-30 09:29:51', 1044000, 40930, 1003070, 0, NULL),
(702, '1', 1, 515000, 'CASH', '2017-05-30 12:49:11', 515000, 22050, 492950, 0, NULL),
(703, '3', 2, 685000, 'CASH', '2017-05-30 12:50:26', 685000, 15000, 670000, 0, NULL),
(704, '5', 3, 1155000, 'CASH', '2017-05-30 12:51:22', 1155000, 27750, 1127250, 0, NULL),
(705, '6', 4, 1032000, 'CASH', '2017-05-30 12:53:13', 1032000, 27440, 1004560, 0, NULL),
(706, '4', 5, 1044000, 'CASH', '2017-05-30 12:54:44', 1044000, 40930, 1003070, 0, NULL),
(707, '10', 6, 515000, 'CASH', '2017-05-30 12:55:57', 515000, 22050, 492950, 0, NULL),
(708, '23', 12, 685000, 'CASH', '2017-05-30 12:57:05', 685000, 15000, 670000, 0, NULL),
(709, '931', 23, 1155000, 'CASH', '2017-05-30 12:57:52', 1155000, 27750, 1127250, 0, NULL),
(710, '831', 24, 1032000, 'CASH', '2017-05-30 12:59:00', 1032000, 27440, 1004560, 0, NULL),
(711, '635', 25, 1044000, 'CASH', '2017-05-30 13:00:23', 1044000, 40930, 1003070, 0, NULL),
(712, '555', 26, 515000, 'CASH', '2017-05-30 13:09:11', 515000, 22050, 492950, 0, NULL),
(713, '135', 27, 685000, 'CASH', '2017-05-30 13:10:20', 685000, 15000, 670000, 0, NULL),
(714, '897', 28, 1155000, 'CASH', '2017-05-30 13:12:19', 1155000, 27750, 1127250, 0, NULL),
(715, '561', 29, 1032000, 'CASH', '2017-05-30 13:13:20', 1032000, 27440, 1004560, 0, NULL),
(716, '888', 30, 1044000, 'CASH', '2017-05-30 13:15:00', 1044000, 40930, 1003070, 0, NULL),
(717, '565', 31, 515000, 'CASH', '2017-05-30 13:17:05', 515000, 22050, 492950, 0, NULL),
(718, '777', 32, 685000, 'CASH', '2017-05-30 13:18:06', 685000, 15000, 670000, 0, NULL),
(719, '889', 33, 1155000, 'CASH', '2017-05-30 13:19:55', 1155000, 27750, 1127250, 0, NULL),
(720, '632', 36, 1032000, 'CASH', '2017-05-30 13:21:24', 1032000, 27440, 1004560, 0, NULL),
(721, '220', 37, 1044000, 'CASH', '2017-05-30 13:22:49', 1044000, 40930, 1003070, 0, NULL),
(722, '225', 38, 515000, 'CASH', '2017-05-30 13:24:11', 515000, 22050, 492950, 0, NULL),
(723, '443', 39, 685000, 'CASH', '2017-05-30 13:25:03', 685000, 15000, 670000, 0, NULL),
(724, '775', 40, 1155000, 'CASH', '2017-05-30 13:26:56', 1155000, 27750, 1127250, 0, NULL),
(725, '441', 42, 1032000, 'CASH', '2017-05-30 13:28:45', 1032000, 27440, 1004560, 0, NULL),
(726, '820', 43, 1044000, 'CASH', '2017-05-30 13:29:57', 1044000, 40930, 1003070, 0, NULL),
(727, '661', 45, 515000, 'CASH', '2017-05-30 13:31:06', 515000, 22050, 492950, 0, NULL),
(728, '254', 46, 685000, 'CASH', '2017-05-30 13:34:14', 685000, 15000, 670000, 0, NULL),
(729, '436', 47, 1155000, 'CASH', '2017-05-30 13:35:30', 1155000, 27750, 1127250, 0, NULL),
(730, '432', 50, 1032000, 'CASH', '2017-05-30 13:36:53', 1032000, 27440, 1004560, 0, NULL),
(731, '221', 51, 1044000, 'CASH', '2017-05-30 13:38:22', 1044000, 40930, 1003070, 0, NULL),
(732, '222', 52, 515000, 'CASH', '2017-05-30 13:39:37', 515000, 22050, 492950, 0, NULL),
(733, '653', 54, 685000, 'CASH', '2017-05-30 13:40:44', 685000, 15000, 670000, 0, NULL),
(734, '257', 57, 1155000, 'CASH', '2017-05-30 13:41:58', 1155000, 27750, 1127250, 0, NULL),
(735, '987', 58, 1032000, 'CASH', '2017-05-30 13:44:32', 1032000, 27440, 1004560, 0, NULL),
(736, '920', 60, 1044000, 'CASH', '2017-05-30 13:46:12', 1044000, 40930, 1003070, 0, NULL),
(737, '963', 61, 515000, 'CASH', '2017-05-30 13:47:52', 515000, 22050, 492950, 0, NULL),
(738, '631', 62, 685000, 'CASH', '2017-05-30 13:49:36', 685000, 15000, 670000, 0, NULL),
(739, '631', 62, 1155000, 'CASH', '2017-05-30 13:50:35', 1155000, 27750, 1127250, 0, NULL),
(740, '910', 63, 1032000, 'CASH', '2017-05-30 13:57:57', 1032000, 27440, 1004560, 0, NULL),
(741, '019', 65, 1044000, 'CASH', '2017-05-30 13:59:50', 1044000, 40930, 1003070, 0, NULL),
(742, '019', 65, 515000, 'CASH', '2017-05-30 14:00:48', 515000, 22050, 492950, 0, NULL),
(743, '091', 66, 685000, 'CASH', '2017-05-30 14:01:57', 685000, 15000, 670000, 0, NULL),
(744, '801', 67, 1155000, 'CASH', '2017-05-30 14:03:29', 1155000, 27750, 1127250, 0, NULL),
(745, '108', 68, 1032000, 'CASH', '2017-05-30 14:04:38', 1032000, 27440, 1004560, 0, NULL),
(746, '018', 69, 1044000, 'CASH', '2017-05-30 14:11:18', 1044000, 40930, 1003070, 0, NULL),
(747, '081', 70, 515000, 'CASH', '2017-05-30 14:13:26', 515000, 22050, 492950, 0, NULL),
(748, '701', 71, 685000, 'CASH', '2017-05-30 14:15:15', 685000, 15000, 670000, 0, NULL),
(749, '107', 72, 1155000, 'CASH', '2017-05-30 14:16:12', 1155000, 29850, 1125150, 0, NULL),
(750, '017', 73, 1062000, 'CASH', '2017-05-30 14:19:14', 1062000, 24440, 1037560, 0, NULL),
(751, '071', 74, 1224000, 'CASH', '2017-05-30 14:20:42', 1224000, 48130, 1175870, 0, NULL),
(752, '601', 75, 515000, 'CASH', '2017-05-30 14:22:00', 515000, 22050, 492950, 0, NULL),
(753, '501', 76, 685000, 'CASH', '2017-05-30 14:24:56', 685000, 15000, 670000, 0, NULL),
(754, '501', 76, 1155000, 'CASH', '2017-05-30 14:26:13', 1155000, 27750, 1127250, 0, NULL),
(755, '010', 78, 1032000, 'CASH', '2017-05-30 14:31:40', 1032000, 27440, 1004560, 0, NULL),
(756, '001', 79, 1044000, 'CASH', '2017-05-30 14:39:53', 1044000, 40930, 1003070, 0, NULL),
(757, '100', 80, 515000, 'CASH', '2017-05-30 14:41:24', 515000, 22050, 492950, 0, NULL),
(758, '123', 81, 685000, 'CASH', '2017-05-30 14:43:54', 685000, 15000, 670000, 0, NULL),
(759, '321', 82, 1155000, 'CASH', '2017-05-30 14:44:56', 1155000, 27750, 1127250, 0, NULL),
(760, '213', 83, 1032000, 'CASH', '2017-05-30 14:47:22', 1032000, 27440, 1004560, 0, NULL),
(761, '258', 85, 1044000, 'CASH', '2017-05-30 14:54:00', 1044000, 40930, 1003070, 0, NULL),
(762, '147', 86, 515000, 'CASH', '2017-05-30 15:00:33', 0, 22050, 492950, 515000, NULL),
(763, '369', 87, 685000, 'CASH', '2017-05-30 15:02:44', 685000, 15000, 670000, 0, NULL),
(764, '98', 89, 1155000, 'CASH', '2017-05-30 15:05:32', 1155000, 27750, 1127250, 0, NULL),
(765, '693', 90, 1032000, 'CASH', '2017-05-30 15:12:20', 1032000, 27440, 1004560, 0, NULL),
(766, '456', 91, 1044000, 'CASH', '2017-05-30 15:19:22', 1044000, 40930, 1003070, 0, NULL),
(767, '027', 95, 515000, 'CASH', '2017-05-30 15:22:26', 515000, 22050, 492950, 0, NULL),
(768, '207', 96, 685000, 'CASH', '2017-05-30 15:23:47', 685000, 15000, 670000, 0, NULL),
(769, '702', 97, 1155000, 'CASH', '2017-05-30 15:24:32', 1155000, 27750, 1127250, 0, NULL),
(770, '072', 98, 1032000, 'CASH', '2017-05-30 15:25:16', 1032000, 27440, 1004560, 0, NULL),
(771, '089', 99, 1044000, 'CASH', '2017-05-30 15:26:42', 1044000, 40930, 1003070, 0, NULL),
(772, '908', 100, 515000, 'CASH', '2017-05-30 15:27:41', 515000, 22050, 492950, 0, NULL),
(773, '003', 103, 940000, 'CASH', '2017-05-30 15:30:20', 940000, 22650, 917350, 0, NULL),
(774, '143', 104, 2284000, 'CASH', '2017-05-30 15:31:46', 0, 56780, 2227220, 2284000, NULL),
(775, '1', 1, 2445, 'CASH', '2017-05-30 23:18:59', 200, 94.75, 2350.25, 2245, NULL);

-- --------------------------------------------------------

--
-- Table structure for table `td_shop_config`
--

CREATE TABLE `td_shop_config` (
  `shop_id` bigint(250) NOT NULL,
  `shop_name` varchar(250) NOT NULL
) ENGINE=InnoDB DEFAULT CHARSET=latin1;

-- --------------------------------------------------------

--
-- Table structure for table `td_stock_details`
--

CREATE TABLE `td_stock_details` (
  `product_id` bigint(20) NOT NULL,
  `product_name` varchar(500) NOT NULL,
  `Product_desc` varchar(1200) DEFAULT NULL
) ENGINE=InnoDB DEFAULT CHARSET=latin1;

--
-- Dumping data for table `td_stock_details`
--

INSERT INTO `td_stock_details` (`product_id`, `product_name`, `Product_desc`) VALUES
(1, 'Thums Up', 'Cold Drink'),
(2, 'safal', 'gutkha'),
(3, 'minaji', 'mawa masala'),
(4, 'delux mix', 'masala '),
(5, 'mazaa 108', 'tobacco'),
(6, 'Aarcee', 'tobacco'),
(7, 'Shivdata', 'tobacco'),
(8, 'Gopal green', 'tobacco'),
(9, 'safal', 'gutkha'),
(10, 'safal', 'gutkha'),
(11, 'dilbag', 'gutha'),
(12, 'pan bahar', 'gutkha'),
(13, 'kamala pasanda', 'pan masala'),
(14, 'baba elaichi', 'mouth freshener'),
(15, 'mahadev', 'choudi tobacco'),
(16, 'prakash', 'kibam'),
(17, 'pan raja katha', 'pan masala'),
(18, 'gopal 60', 'tobacco'),
(19, 'bahu bali', 'gutkja'),
(20, 'maghana bidi', ''),
(21, 'pan vilash', ''),
(22, 'rag', 'gutkha'),
(23, 'Pukar silver 3000', 'tobacco'),
(24, 'Madhuban', 'meetha Pan Masala'),
(25, 'aaaa', 'aaaa'),
(26, 'RAJAN BIDI', ''),
(27, 'RAJANIGANDHA', 'METHA PAN MASALA');

-- --------------------------------------------------------

--
-- Table structure for table `td_user_log`
--

CREATE TABLE `td_user_log` (
  `user_id` varchar(50) NOT NULL,
  `shop_id` varchar(20) NOT NULL,
  `ip_address` varchar(25) NOT NULL,
  `session_id` varchar(200) NOT NULL,
  `User_track_id` bigint(20) NOT NULL,
  `loggin_date` timestamp NOT NULL DEFAULT CURRENT_TIMESTAMP,
  `logedout_date` timestamp NULL DEFAULT NULL
) ENGINE=InnoDB DEFAULT CHARSET=latin1;

--
-- Dumping data for table `td_user_log`
--

INSERT INTO `td_user_log` (`user_id`, `shop_id`, `ip_address`, `session_id`, `User_track_id`, `loggin_date`, `logedout_date`) VALUES
('1', '1', '0:0:0:0:0:0:0:1', '1548164E88B79C81C4A5CC5A8F467ECF', 1, '2016-10-09 11:56:02', '2016-10-09 11:56:24'),
('1', '1', '0:0:0:0:0:0:0:1', '619FA37B6BDDD2819C1A61665191AC73', 2, '2016-10-09 11:56:37', NULL),
('1', '1', '0:0:0:0:0:0:0:1', 'A53A9D983E482A65390C23508F528790', 3, '2016-10-09 12:38:01', NULL),
('1', '1', '0:0:0:0:0:0:0:1', 'C9BDBD0A2EB9736E6D518DA833116241', 4, '2016-10-10 14:31:42', NULL),
('1', '1', '0:0:0:0:0:0:0:1', 'A6CF9ADB76B30148A756955593541D72', 5, '2016-10-10 16:52:15', '2016-10-10 17:43:23'),
('1', '1', '0:0:0:0:0:0:0:1', '77DF13852FE995AFD971EAFB356B239B', 6, '2016-10-10 17:43:26', NULL),
('1', '1', '0:0:0:0:0:0:0:1', 'CFA3B59FA2859C6466036FB6797F8EC0', 7, '2016-10-13 17:31:45', NULL),
('1', '1', '0:0:0:0:0:0:0:1', '4B3B052E460211738E7F75C5DE113E3D', 8, '2016-10-13 18:08:43', NULL),
('1', '1', '0:0:0:0:0:0:0:1', '3887DB59236B4FDB341EDC24BBFCD5E2', 9, '2016-10-13 18:15:41', NULL),
('1', '1', '0:0:0:0:0:0:0:1', '3887DB59236B4FDB341EDC24BBFCD5E2', 10, '2016-10-13 18:48:28', NULL),
('1', '1', '0:0:0:0:0:0:0:1', '2E58B08BF247C9A4934ED1A7A9946430', 11, '2016-10-15 06:53:52', NULL),
('1', '1', '0:0:0:0:0:0:0:1', '3061F702AFB5681B5628D8D32AC04480', 12, '2016-10-15 13:02:56', NULL),
('1', '1', '0:0:0:0:0:0:0:1', 'E98246F60F122BDB2A1CCEE40061F5EC', 13, '2016-10-15 18:31:20', NULL),
('1', '1', '0:0:0:0:0:0:0:1', '80EF4387AFD3DF1D3FAD6748C77E8A69', 14, '2016-10-15 21:09:42', NULL),
('1', '1', '0:0:0:0:0:0:0:1', '18CEB0C536D798DD9AD54973883C2110', 15, '2016-10-15 21:47:29', '2016-10-15 21:49:05'),
('1', '1', '0:0:0:0:0:0:0:1', '6E3F921D8C16617218C6C382BA95BCA6', 16, '2016-10-15 21:49:08', '2016-10-15 22:00:11'),
('1', '1', '0:0:0:0:0:0:0:1', 'E67C75F7D5036E5B494FF0A94DD2E224', 17, '2016-10-16 06:31:30', NULL),
('1', '1', '0:0:0:0:0:0:0:1', 'E67C75F7D5036E5B494FF0A94DD2E224', 18, '2016-10-16 06:53:49', NULL),
('1', '1', '0:0:0:0:0:0:0:1', 'A771F3323B9F287A0C9002CC2048F8E9', 19, '2016-10-16 08:05:42', '2016-10-16 08:36:02'),
('1', '1', '0:0:0:0:0:0:0:1', '8C2EE00C877660844961EFC16D969424', 20, '2016-10-16 08:37:47', '2016-10-16 08:42:38'),
('1', '1', '0:0:0:0:0:0:0:1', '01BFE82C985F164ABDFD5B3B45B9ECDA', 21, '2016-10-16 19:31:40', '2016-10-16 19:32:49'),
('1', '1', '0:0:0:0:0:0:0:1', 'E6593B022951208761402BE1085F15E3', 22, '2016-10-17 19:29:35', '2016-10-17 19:29:43'),
('1', '1', '0:0:0:0:0:0:0:1', '0B754F17B5BBF9098A6F971A908EA98B', 23, '2016-10-17 19:29:56', '2016-10-17 19:30:06'),
('1', '1', '0:0:0:0:0:0:0:1', '5406C25DE5C923964BD5DC6EDDDC7147', 24, '2016-10-17 19:32:41', '2016-10-17 19:33:10'),
('1', '1', '0:0:0:0:0:0:0:1', '1F67E0CC3A1036A085C46F093D880180', 25, '2016-10-20 18:52:09', '2016-10-20 18:52:20'),
('1', '1', '0:0:0:0:0:0:0:1', '24896DF5497064D20548D22DF9343B8F', 26, '2016-10-21 18:25:37', '2016-10-21 18:25:47'),
('1', '1', '0:0:0:0:0:0:0:1', '1A80DC24AFDF15B8EBCC208DADBB8ECC', 27, '2016-10-21 18:33:09', NULL),
('1', '1', '0:0:0:0:0:0:0:1', 'F6D0D258214E10553B98CB02F19C45CC', 28, '2017-05-13 15:32:45', '2017-05-13 15:33:28'),
('1', '1', '0:0:0:0:0:0:0:1', 'A7420DA8CCAAB6881BB0E2648E90023A', 29, '2017-05-13 15:33:36', NULL),
('1', '1', '0:0:0:0:0:0:0:1', '52B57A23B4F6825CF173E44E1C5516FE', 30, '2017-05-17 17:48:52', NULL),
('1', '1', '0:0:0:0:0:0:0:1', 'A3D392793762104AB8A9EE03AE0C582D', 31, '2017-05-18 06:15:39', NULL),
('1', '1', '0:0:0:0:0:0:0:1', 'A3D392793762104AB8A9EE03AE0C582D', 32, '2017-05-18 06:15:39', NULL),
('1', '1', '0:0:0:0:0:0:0:1', 'A3D392793762104AB8A9EE03AE0C582D', 33, '2017-05-18 06:30:56', NULL),
('1', '1', '0:0:0:0:0:0:0:1', '9C06599A33F564ED8D83050DE6C28BFD', 34, '2017-05-18 06:44:35', NULL),
('1', '1', '0:0:0:0:0:0:0:1', '85A704A27A5B0C72417E712F107537C2', 35, '2017-05-18 06:49:38', NULL),
('1', '1', '0:0:0:0:0:0:0:1', 'A8E14B1DAE5FA07B9F549B970F99BBEB', 36, '2017-05-18 07:18:10', NULL),
('1', '1', '0:0:0:0:0:0:0:1', '6D54E4F4D4631B7AED847B0527C98993', 37, '2017-05-18 07:35:35', NULL),
('1', '1', '0:0:0:0:0:0:0:1', '85766A88DB68BAB4C70013191D98FF1A', 38, '2017-05-18 07:48:27', NULL),
('1', '1', '202.12.83.41', 'CECBA1F9220EAA1BFB3E75B64F54279A', 39, '2017-05-20 02:58:42', NULL),
('1', '1', '202.12.83.41', 'C8CD945795FCAFA6B3162F762B0DDF08', 40, '2017-05-20 03:01:19', NULL),
('1', '1', '202.12.83.41', '96CEBC6E63DA218FCD8AC358D3901CA9', 41, '2017-05-20 03:02:53', NULL),
('1', '1', '65.199.22.141', '718956026D8C9BB42F56A1FC434398D7', 42, '2017-05-20 03:03:36', NULL),
('1', '1', '27.59.28.4', '1849C6DE722C1FBAF243837B33682E80', 43, '2017-05-21 00:38:23', NULL),
('1', '1', '202.12.83.41', 'B3B716A1D250D38DE81A0ED5EFFFB6B0', 44, '2017-05-21 13:05:33', NULL),
('1', '1', '202.12.83.41', '53347C03837020463561F72A47B6ADA6', 45, '2017-05-21 13:13:13', NULL),
('1', '1', '47.11.236.59', '23D04276793194CAD1B63E22ADEE7BF0', 46, '2017-05-21 13:34:48', NULL),
('1', '1', '47.11.135.6', 'B0A46B74E1A5D279A2178ECF25C3503B', 47, '2017-05-21 13:34:53', NULL),
('1', '1', '47.11.236.59', '4E0B0300EF7359DAA5F7BBC08FE3A9E5', 48, '2017-05-21 13:40:47', NULL),
('1', '1', '27.49.82.208', 'ECBCA1F056665061B624B99FBF78ADAA', 49, '2017-05-21 14:49:37', NULL),
('1', '1', '27.49.82.208', '3BABABB76AA856417E24F5D4CF35D796', 50, '2017-05-21 15:09:02', NULL),
('1', '1', '27.49.82.208', 'D6D0CD0206008BBA3F261F2A16B30F2A', 51, '2017-05-21 15:42:38', NULL),
('1', '1', '27.49.82.208', 'D6D0CD0206008BBA3F261F2A16B30F2A', 52, '2017-05-21 15:46:53', NULL),
('1', '1', '202.12.83.41', 'D050F17267EFE90EA89BA0D65F105F96', 53, '2017-05-21 16:01:33', NULL),
('1', '1', '27.49.82.208', '8BFD5E5E41D80C2CC27AE40AAFFF9270', 54, '2017-05-21 16:03:11', NULL),
('1', '1', '47.11.135.165', 'AF105EC0364DEAF4DDC4B61439104BF0', 55, '2017-05-21 20:31:56', NULL),
('1', '1', '103.218.120.62', 'D7D27BCA352C552DB09E012079B3C3BD', 56, '2017-05-22 13:58:15', NULL),
('1', '1', '103.218.120.62', '0A7082B6456D83D46595F04D15B10D96', 57, '2017-05-22 14:12:14', NULL),
('1', '1', '103.218.120.62', '0A7082B6456D83D46595F04D15B10D96', 58, '2017-05-22 14:13:00', NULL),
('1', '1', '103.218.120.62', '7D8EC2BB375BE4BCA3FD7E9111C7611B', 59, '2017-05-22 14:56:23', NULL),
('1', '1', '103.193.59.223', 'B97504BEA21FCABB9FCF2523B9C76D4E', 60, '2017-05-22 17:43:09', NULL),
('1', '1', '103.193.59.223', 'A29D0241F54673A4443328607A05A172', 61, '2017-05-22 17:47:44', NULL),
('1', '1', '103.193.59.223', 'A29D0241F54673A4443328607A05A172', 62, '2017-05-22 18:12:32', NULL),
('1', '1', '103.193.59.223', 'A29D0241F54673A4443328607A05A172', 63, '2017-05-22 20:27:10', NULL),
('1', '1', '103.193.59.223', '11F2D294982CC8836C72E38BDFD97B82', 64, '2017-05-22 21:04:05', NULL),
('1', '1', '103.193.59.223', '243B7B73B63ABBA18D89A8A3163EC500', 65, '2017-05-22 21:12:57', NULL),
('1', '1', '103.193.59.223', '243B7B73B63ABBA18D89A8A3163EC500', 66, '2017-05-22 21:15:21', NULL),
('1', '1', '103.193.59.223', '624AB7AEBB644573133C96F09189ACE5', 67, '2017-05-22 21:22:24', NULL),
('1', '1', '117.201.163.17', '4688410645D3B86D9A0158668EA9839B', 68, '2017-05-23 12:02:24', NULL),
('1', '1', '117.201.163.17', 'B9F5469F01785CFF3B3E85E08D09D9DC', 69, '2017-05-23 12:32:10', NULL),
('1', '1', '117.201.163.17', 'F9F5E3D8790E34495E4D50C9896B0E6D', 70, '2017-05-23 12:40:06', NULL),
('1', '1', '117.201.163.17', '92C0ACB0DC2DE8B5CA8EE6BC512A2368', 71, '2017-05-23 12:44:49', NULL),
('1', '1', '117.201.163.17', '4359461AE2FAC56182FCD1D3A5D34AEB', 72, '2017-05-23 13:56:35', NULL),
('1', '1', '117.201.163.17', 'C35F7A717134C4B0DEF767B75A280AD6', 73, '2017-05-23 14:27:03', NULL),
('1', '1', '117.201.163.17', 'AD14C3A20FF652C442E6054C1DCCC0DF', 74, '2017-05-23 14:41:44', NULL),
('1', '1', '117.201.163.17', 'FB35A291CBE647CB31B2B5D68636D610', 75, '2017-05-23 14:52:12', NULL),
('1', '1', '117.201.163.17', '48FEBC56826A2D14F20EBE26F8B75BD4', 76, '2017-05-23 17:44:57', NULL),
('1', '1', '117.201.163.17', 'F8668F261F63AC0B7281FD279F250E7D', 77, '2017-05-23 19:07:43', NULL),
('1', '1', '117.201.163.17', 'F948C090F203E3C113E89DF90372E0C5', 78, '2017-05-23 19:22:20', NULL),
('1', '1', '117.201.163.17', '90FF4EC0479948E27F65CD1DE6D3DDB9', 79, '2017-05-24 11:52:16', NULL),
('1', '1', '24.7.54.130', '3C365B62BFFDF31BF9153343740A62AA', 80, '2017-05-24 11:59:43', NULL),
('1', '1', '117.201.163.17', '7C532B523AD25775CC769DE4B24CABFD', 81, '2017-05-24 12:00:02', NULL),
('1', '1', '117.248.167.124', '7C532B523AD25775CC769DE4B24CABFD', 82, '2017-05-24 12:03:32', NULL),
('1', '1', '24.7.54.130', '3C365B62BFFDF31BF9153343740A62AA', 83, '2017-05-24 12:06:25', NULL),
('1', '1', '103.204.96.6', '5917B1F2229B7822289B793B899CC230', 84, '2017-05-24 15:37:04', NULL),
('1', '1', '45.124.188.169', 'BEA8C88E69017B8933CF0CEB266EFE27', 85, '2017-05-24 18:01:49', NULL),
('1', '1', '45.124.188.169', '58EF85FEEEC7A5F515E210C00D354D3F', 86, '2017-05-24 19:26:00', NULL),
('1', '1', '45.124.188.169', '8BABF2E9B7689283FA472779AE0A1BEA', 87, '2017-05-24 20:06:39', NULL),
('1', '1', '45.124.188.169', '741295A2181D6E32E530F91F0D44C629', 88, '2017-05-24 20:24:19', NULL),
('1', '1', '45.124.188.169', '98B48B0F7BBF9C50096B3A3FB1B34A42', 89, '2017-05-24 20:42:34', NULL),
('1', '1', '45.124.188.169', '3224F0E062E5462C3B7B915767674A34', 90, '2017-05-24 20:59:19', NULL),
('1', '1', '45.124.188.169', '73B5E9C3227339ABAE1E7A7E6AA5CF9F', 91, '2017-05-24 21:07:52', NULL),
('1', '1', '45.124.188.169', '438DDEA62C90545936F0C9FE9E96D78C', 92, '2017-05-24 21:16:41', NULL),
('1', '1', '45.124.188.169', '715D518DB643F6F721FD2CDDDDA91BF1', 93, '2017-05-24 21:18:19', NULL),
('1', '1', '202.12.83.41', '2AFAF507F2B4BBDC8883750A29172684', 94, '2017-05-25 03:28:02', NULL),
('1', '1', '202.12.83.41', '57A6C8C4D0EFBD7944A4F9F8154F9328', 95, '2017-05-25 04:08:11', NULL),
('1', '1', '45.124.188.169', 'A2A7C3BB6F92BF8689BBB078EE748DF4', 96, '2017-05-25 11:46:33', NULL),
('1', '1', '45.124.188.169', '4A8B5462A89EF05680E045C9EE42B7EF', 97, '2017-05-25 13:41:36', NULL),
('1', '1', '117.197.252.75', '571E16967242B52487AE27978920DE2F', 98, '2017-05-25 18:19:16', NULL),
('1', '1', '117.197.252.75', '7A9CDF63697A5EEED51DC92FB30D3108', 99, '2017-05-25 20:17:39', NULL),
('1', '1', '117.197.252.75', '6F93F0127A1FA4EFEE8F46D5DB9AB1B0', 100, '2017-05-26 11:41:25', NULL),
('1', '1', '117.197.252.75', '919838BCE7510788A7F03CD6DC10FBF4', 101, '2017-05-26 12:20:00', NULL),
('1', '1', '117.197.252.75', 'B9F4A563A5B61629A4A44326B2353B27', 102, '2017-05-26 14:02:24', NULL),
('1', '1', '117.197.255.39', '8F509AB50DAC3C42DFE03CCBA1763430', 103, '2017-05-26 17:56:30', NULL),
('1', '1', '117.197.255.39', 'B78E129DD1A2E4FF08CE041DCBFE31FF', 104, '2017-05-26 18:37:41', NULL),
('1', '1', '117.197.255.39', 'B78E129DD1A2E4FF08CE041DCBFE31FF', 105, '2017-05-26 18:46:36', NULL),
('1', '1', '117.194.121.157', '2DEBAE7C498A3F824B6F076623C47879', 106, '2017-05-26 19:24:44', NULL),
('1', '1', '117.194.121.157', '8FE4760E51E365DEDF81C06290F75071', 107, '2017-05-26 19:59:06', NULL),
('1', '1', '117.194.121.157', '6D3FF562791F77C8874A86FBCA8E6ADE', 108, '2017-05-26 21:08:44', NULL),
('1', '1', '117.194.121.157', 'C58CD4DAE753F06E8044712A629243C0', 109, '2017-05-26 21:10:50', NULL),
('1', '1', '117.194.121.157', '58B1EFA0D4B159A26E75DE04D9B26AF4', 110, '2017-05-26 21:13:34', NULL),
('1', '1', '202.12.83.41', '2AEA2A90CACEB1F0DE4EF6110FAC3240', 111, '2017-05-27 04:10:48', NULL),
('1', '1', '202.12.83.41', '789E6A556E797776DBD8832C0A8AF6EE', 112, '2017-05-27 04:29:17', '2017-05-27 04:32:10'),
('1', '1', '202.12.83.41', 'F147B067D71BD4202F84574C89F13DE0', 113, '2017-05-27 04:32:13', '2017-05-27 04:51:31'),
('1', '1', '202.12.83.41', '956DBC9C7DE294FDFD497100616E8E2E', 114, '2017-05-27 04:51:34', NULL),
('1', '1', '202.12.83.41', '956DBC9C7DE294FDFD497100616E8E2E', 115, '2017-05-27 05:00:02', NULL),
('1', '1', '117.194.121.157', 'E6B9B6C58DB22DC705C38478D1A7CE4B', 116, '2017-05-27 18:10:36', NULL),
('1', '1', '117.248.142.226', '04CA40334021156C86D163B8F36CE6EB', 117, '2017-05-27 20:20:23', NULL),
('1', '1', '202.12.83.41', '6CE860DB93315C934345A7B2A40FE696', 118, '2017-05-28 09:29:26', NULL),
('1', '1', '202.12.83.41', 'BFCC1D661C1DA190B2AB9FF6E85E5D3D', 119, '2017-05-28 10:00:43', NULL),
('1', '1', '202.12.83.41', 'DDE841EE5B8CF90730616DC407A264B5', 120, '2017-05-29 04:35:02', '2017-05-29 04:36:02'),
('1', '1', '202.12.83.41', '08690C31A25C9A7BC946469775BE7E80', 121, '2017-05-29 04:36:05', '2017-05-29 04:36:08'),
('1', '1', '202.12.83.41', '3264C602F725457F8E513F71237489CA', 122, '2017-05-29 04:36:11', NULL),
('1', '1', '117.197.237.165', 'CBAED81A7ABC7E25FE1AA1ED5913DC21', 123, '2017-05-29 18:05:26', '2017-05-29 18:09:39'),
('1', '1', '117.197.237.165', '7E136AED70C4FAA7F617A465FC03F324', 124, '2017-05-29 18:10:17', NULL),
('1', '1', '117.197.237.165', '7E136AED70C4FAA7F617A465FC03F324', 125, '2017-05-29 18:11:33', NULL),
('1', '1', '117.197.237.165', '8FCDBE081BA0B45E3DD362B598043A58', 126, '2017-05-29 18:38:55', '2017-05-29 21:19:37'),
('1', '1', '117.197.239.11', '311612F8DF415C1F5DA8DF8916188AE8', 127, '2017-05-30 11:47:05', '2017-05-30 12:06:29'),
('1', '1', '117.197.239.11', '669E8125ECBD167768570EA4208FDBB7', 128, '2017-05-30 12:08:48', '2017-05-30 12:56:29'),
('1', '1', '117.197.239.11', '75120430188DD60E1F0FB60A5A954792', 129, '2017-05-30 12:56:42', NULL),
('1', '1', '117.197.239.11', '01C4BDEF9DEE68015AB08CB91223DD06', 130, '2017-05-30 14:04:17', '2017-05-30 14:32:40'),
('1', '1', '117.197.239.11', 'B29B453A01D4416469C90886259C89FA', 131, '2017-05-30 17:49:01', '2017-05-30 20:47:30'),
('1', '1', '202.12.83.41', 'FED37C7D4AEB432700FDF414D46F78D9', 132, '2017-05-31 04:02:40', NULL),
('1', '1', '202.12.83.41', 'FED37C7D4AEB432700FDF414D46F78D9', 133, '2017-05-31 04:06:26', NULL),
('1', '1', '202.12.83.41', '7ED0319C1582531CE5EF444CE5B851E0', 134, '2017-05-31 04:12:22', NULL),
('1', '1', '202.12.83.41', '7A552276EF3A54C0F7A10C919FB11251', 135, '2017-05-31 04:18:56', NULL);

-- --------------------------------------------------------

--
-- Table structure for table `td_user_login`
--

CREATE TABLE `td_user_login` (
  `user_id` bigint(10) NOT NULL,
  `user_name` varchar(15) NOT NULL,
  `email` varchar(250) NOT NULL,
  `password` varchar(30) NOT NULL,
  `shop_id` bigint(20) NOT NULL,
  `user_role` varchar(20) NOT NULL,
  `status` varchar(1) NOT NULL
) ENGINE=InnoDB DEFAULT CHARSET=latin1;

--
-- Dumping data for table `td_user_login`
--

INSERT INTO `td_user_login` (`user_id`, `user_name`, `email`, `password`, `shop_id`, `user_role`, `status`) VALUES
(1, 'Namadipta', 'namadipta.patro@gmail.com', '123', 1, 'Admin', 'A');

--
-- Indexes for dumped tables
--

--
-- Indexes for table `td_cash_transaction`
--
ALTER TABLE `td_cash_transaction`
  ADD PRIMARY KEY (`cash_record_id`);

--
-- Indexes for table `td_customer_balance`
--
ALTER TABLE `td_customer_balance`
  ADD PRIMARY KEY (`customer_id`);

--
-- Indexes for table `td_customer_balance_details`
--
ALTER TABLE `td_customer_balance_details`
  ADD PRIMARY KEY (`balance_details_code`);

--
-- Indexes for table `td_customer_details`
--
ALTER TABLE `td_customer_details`
  ADD PRIMARY KEY (`customer_id`),
  ADD UNIQUE KEY `mobile` (`mobile`),
  ADD UNIQUE KEY `godown_no` (`godown_no`);

--
-- Indexes for table `td_customer_search`
--
ALTER TABLE `td_customer_search`
  ADD PRIMARY KEY (`customer_id`),
  ADD KEY `idx_name_mobile` (`name`,`mobile`);

--
-- Indexes for table `td_item_details_for_bill`
--
ALTER TABLE `td_item_details_for_bill`
  ADD PRIMARY KEY (`bill_item_details`);

--
-- Indexes for table `td_product_quanity_details`
--
ALTER TABLE `td_product_quanity_details`
  ADD PRIMARY KEY (`product_id`),
  ADD UNIQUE KEY `product_id` (`product_id`);

--
-- Indexes for table `td_profit_loss`
--
ALTER TABLE `td_profit_loss`
  ADD PRIMARY KEY (`day`);

--
-- Indexes for table `td_purchase_history`
--
ALTER TABLE `td_purchase_history`
  ADD PRIMARY KEY (`bill_no`);

--
-- Indexes for table `td_shop_config`
--
ALTER TABLE `td_shop_config`
  ADD PRIMARY KEY (`shop_id`);

--
-- Indexes for table `td_stock_details`
--
ALTER TABLE `td_stock_details`
  ADD PRIMARY KEY (`product_id`),
  ADD UNIQUE KEY `product_id` (`product_id`);

--
-- Indexes for table `td_user_log`
--
ALTER TABLE `td_user_log`
  ADD PRIMARY KEY (`User_track_id`);

--
-- Indexes for table `td_user_login`
--
ALTER TABLE `td_user_login`
  ADD PRIMARY KEY (`user_name`),
  ADD UNIQUE KEY `idx_user_id` (`user_id`);

--
-- AUTO_INCREMENT for dumped tables
--

--
-- AUTO_INCREMENT for table `td_cash_transaction`
--
ALTER TABLE `td_cash_transaction`
  MODIFY `cash_record_id` bigint(20) NOT NULL AUTO_INCREMENT, AUTO_INCREMENT=6;
--
-- AUTO_INCREMENT for table `td_customer_balance_details`
--
ALTER TABLE `td_customer_balance_details`
  MODIFY `balance_details_code` bigint(20) NOT NULL AUTO_INCREMENT, AUTO_INCREMENT=654;
--
-- AUTO_INCREMENT for table `td_customer_details`
--
ALTER TABLE `td_customer_details`
  MODIFY `customer_id` bigint(20) NOT NULL AUTO_INCREMENT, AUTO_INCREMENT=105;
--
-- AUTO_INCREMENT for table `td_item_details_for_bill`
--
ALTER TABLE `td_item_details_for_bill`
  MODIFY `bill_item_details` bigint(20) NOT NULL AUTO_INCREMENT, AUTO_INCREMENT=1611;
--
-- AUTO_INCREMENT for table `td_product_quanity_details`
--
ALTER TABLE `td_product_quanity_details`
  MODIFY `product_id` bigint(20) NOT NULL AUTO_INCREMENT, AUTO_INCREMENT=28;
--
-- AUTO_INCREMENT for table `td_purchase_history`
--
ALTER TABLE `td_purchase_history`
  MODIFY `bill_no` bigint(20) NOT NULL AUTO_INCREMENT, AUTO_INCREMENT=776;
--
-- AUTO_INCREMENT for table `td_shop_config`
--
ALTER TABLE `td_shop_config`
  MODIFY `shop_id` bigint(250) NOT NULL AUTO_INCREMENT;
--
-- AUTO_INCREMENT for table `td_user_log`
--
ALTER TABLE `td_user_log`
  MODIFY `User_track_id` bigint(20) NOT NULL AUTO_INCREMENT, AUTO_INCREMENT=136;
--
-- AUTO_INCREMENT for table `td_user_login`
--
ALTER TABLE `td_user_login`
  MODIFY `user_id` bigint(10) NOT NULL AUTO_INCREMENT, AUTO_INCREMENT=2;
/*!40101 SET CHARACTER_SET_CLIENT=@OLD_CHARACTER_SET_CLIENT */;
/*!40101 SET CHARACTER_SET_RESULTS=@OLD_CHARACTER_SET_RESULTS */;
/*!40101 SET COLLATION_CONNECTION=@OLD_COLLATION_CONNECTION */;
